1,Q1010954,vi,Somoto
2,Q4927937,vi,Robert
3,Q36297,vi,1950s
4,Q7799533,vi,Thwaites Glacier 
5,Q34644,vi,1980s
6,Q38324,vi,1840s
7,Q827229,vi,Bershad
8,Q213448,vi,Danica Patrick
9,Q126236,vi,conquistador
10,Q20894959,vi,deaths in September 2015
11,Q35702,vi,1930s
12,Q172438,vi,Peterborough
13,Q10510,vi,Jenson Button
14,Q703205,vi,Gottfried Wilhelm Leibniz Prize
15,Q1840959,vi,list of rotorcraft
16,Q22905,vi,Bradford
17,Q36561,vi,1940s
18,Q772247,vi,Malaysian cuisine
19,Q1200678,vi,mystery film
20,Q7063,vi,11th century
21,Q313381,vi,Tom Brady
22,Q152262,vi,Pluto
23,Q17054,vi,Martinique
24,Q1067324,vi,exploitation film
25,Q182037,vi,naiad
26,Q2602563,vi,human nutrition
27,Q164444,vi,funk
28,Q133067,vi,mosaic
29,Q223685,vi,steampunk
30,Q23066,vi,Cumbria
31,Q209096,vi,Burnley
32,Q6824,vi,1704
33,Q38971,vi,1890s
34,Q1067053,vi,Global Association of International Sports Federations
35,Q851213,vi,electronic dance music
36,Q6866,vi,1711
37,Q178197,vi,mercenary
38,Q58848,vi,pacifism
39,Q193871,vi,Marshall McLuhan
40,Q2564359,vi,unsimulated sex
41,Q3188,vi,Jackie Stewart
42,Q164304,vi,Deal or No Deal
43,Q163584,vi,Derry
44,Q861764,vi,CBS News
45,Q23115,vi,Northamptonshire
46,Q190083,vi,Ural Owl
47,Q732267,vi,Bloop
48,Q2891256,vi,list of 24 characters
49,Q401,vi,cuneiform
50,Q191924,vi,D-methamphetamine
51,Q25339,vi,5th century BC
52,Q199796,vi,Popeye
53,Q131359,vi,professional wrestling
54,Q133585,vi,airship
55,Q6814,vi,1701
56,Q40953,vi,prayer
57,Q76382,vi,Sinn Féin
58,Q61465,vi,rhythmic gymnastics
59,Q7642193,vi,Super Bowl 50
60,Q38674,vi,1880s
61,Q179957,vi,palaeography
62,Q725744,vi,keyboard layout
63,Q901227,vi,natural product
64,Q3276347,vi,list of political parties in Malaysia
65,Q33513,vi,Hebrew alphabet
66,Q546906,vi,Clerodendrum
67,Q25716,vi,1st millennium BC
68,Q1194382,vi,Solenopsis invicta
69,Q7061,vi,12th century
70,Q14660,vi,flag
71,Q19921,vi,nuclear winter
72,Q272074,vi,Snake River
73,Q54505,vi,quantum field theory
74,Q212518,vi,Patrick Dempsey
75,Q242185,vi,Bill Russell
76,Q160642,vi,Salisbury
77,Q103217,vi,Częstochowa
78,Q217115,vi,Ramzan Kadyrov
79,Q1750631,vi,list of search engines
80,Q43290,vi,Talmud
81,Q5611246,vi,group mind
82,Q36585,vi,1910s
83,Q194258,vi,Japan Academy Film Prize
84,Q1022488,vi,Brighton and Hove
85,Q380613,vi,Rory McIlroy
86,Q3249257,vi,adult animation
87,Q233748,vi,Akshay Kumar
88,Q522661,vi,Isle of Man TT
89,Q669010,vi,West Side Story
90,Q45313,vi,Herat
91,Q156414,vi,Centaurea
92,Q381285,vi,Ralph Richardson
93,Q157696,vi,sergeant
94,Q167934,vi,serotonin
95,Q19589,vi,Doncaster Rovers F.C.
96,Q181754,vi,heart failure
97,Q180727,vi,John Cage
98,Q81900,vi,Teuthida
99,Q459290,vi,independent film
100,Q177826,vi,clergy
101,Q628967,vi,labor law
102,Q202256,vi,timeline of LGBT history
103,Q214640,vi,Brzeg
104,Q868291,vi,playoffs
105,Q621080,vi,Library of Congress Classification
106,Q488205,vi,singer-songwriter
107,Q318017,vi,"Robert Dudley, 1st Earl of Leicester"
108,Q1324207,vi,Canadian cuisine
109,Q189564,vi,Pierre Teilhard de Chardin
110,Q25321,vi,3rd century BC
111,Q10379,vi,cardiology
112,Q428871,vi,Haplogroup O-M175
113,Q27179,vi,American mink
114,Q192185,vi,Aaron Copland
115,Q837718,vi,energy storage
116,Q185387,vi,suffrage
117,Q104712,vi,Elbląg
118,Q422112,vi,methylphenidate
119,Q2875704,vi,fixed-wing aircraft
120,Q41923,vi,yodeling
121,Q585537,vi,Hot Wheels
122,Q948200,vi,Manned Orbiting Laboratory
123,Q7437083,vi,Scott Pruitt
124,Q189288,vi,Stratford-upon-Avon
125,Q132738,vi,Alberto Contador
126,Q187255,vi,rheumatoid arthritis
127,Q19008,vi,Arthur Balfour
128,Q160672,vi,Amhrán na bhFiann
129,Q201808,vi,minke whale
130,Q101797,vi,Winona Ryder
131,Q887117,vi,Governor of Massachusetts
132,Q560534,vi,Pol Espargaró
133,Q173235,vi,analgesic
134,Q213854,vi,Virat Kohli
135,Q152357,vi,red hair
136,Q212954,vi,Goth
137,Q105487,vi,Maurice Jarre
138,Q1865281,vi,whale
139,Q194277,vi,action potential
140,Q113013,vi,postmodern literature
141,Q407232,vi,glyphosate
142,Q106255,vi,Jean-Paul Belmondo
143,Q215605,vi,Chinese dragon
144,Q7823,vi,1798
145,Q975207,vi,Marcus Ericsson
146,Q211171,vi,polychlorinated biphenyl
147,Q7208,vi,pathology
148,Q244410,vi,Southern right whale
149,Q48416,vi,Article One of the United States Constitution
150,Q174077,vi,flash memory
151,Q144682,vi,Gentiana
152,Q185453,vi,Multan
153,Q25296,vi,6th century BC
154,Q116434,vi,phonograph
155,Q147778,vi,liver cirrhosis
156,Q38695,vi,cooking
157,Q52985,vi,Hergé
158,Q5406,vi,Hittites
159,Q723937,vi,list of Wimbledon gentlemen's singles champions
160,Q12433,vi,Schwyz
161,Q2334111,vi,list of Shaman King characters
162,Q147395,vi,Kajol
163,Q315756,vi,Mike Leigh
164,Q1156958,vi,Order of the Paulownia Flowers
165,Q131652,vi,Panoplosaurus
166,Q1089120,vi,Pakistani cuisine
167,Q440,vi,Salvador Allende
168,Q462830,vi,list of US Open women's singles champions
169,Q29545,vi,Kevin Durant
170,Q84412,vi,Wilhelm Reich
171,Q205256,vi,Tsetse fly
172,Q2973,vi,Darmstadt
173,Q756784,vi,2005 Atlantic hurricane season
174,Q179733,vi,Aryan
175,Q897410,vi,brain–computer interface
176,Q6790,vi,1597
177,Q377910,vi,post-hardcore
178,Q211519,vi,Emmeline Pankhurst
179,Q889872,vi,Coachella Valley Music and Arts Festival
180,Q208144,vi,antipsychotics
181,Q210148,vi,Peter Fonda
182,Q18336,vi,heraldry
183,Q180556,vi,Helicobacter pylori
184,Q308722,vi,James Gandolfini
185,Q640353,vi,Golden Globe Cecil B. DeMille Award
186,Q274586,vi,sports car
187,Q209175,vi,Kim Cattrall
188,Q928960,vi,Streamline Moderne
189,Q131113,vi,Ulmus
190,Q131143,vi,Pseudomonas
191,Q47398,vi,economic history
192,Q130283,vi,Macbeth
193,Q170439,vi,chord
194,Q188989,vi,aquaculture
195,Q189400,vi,Brooke Shields
196,Q219878,vi,Emma Bunton
197,Q187484,vi,Steller’s sea cow
198,Q742736,vi,bias
199,Q725503,vi,long and short scales
200,Q25335,vi,4th century BC
201,Q1137707,vi,RoboCup
202,Q26777,vi,Sierra Nevada
203,Q337078,vi,The Big Lebowski
204,Q136208,vi,ZIP code
205,Q228405,vi,Madurai
206,Q188956,vi,plant pathology
207,Q186349,vi,Târgu Mureș
208,Q130857,vi,disc jockey
209,Q191907,vi,carotenoid
210,Q23092,vi,Nottinghamshire
211,Q57468,vi,Prince Louis of Battenberg
212,Q206901,vi,amyotrophic lateral sclerosis
213,Q312380,vi,Christopher Eccleston
214,Q81091,vi,Bison bonasus
215,Q1811300,vi,VISCII
216,Q79871,vi,anger
217,Q101191,vi,Myrmarachne
218,Q1374,vi,Matterhorn
219,Q14373,vi,fishing
220,Q917642,vi,Hell Creek Formation
221,Q22280388,vi,homologous recombination
222,Q898788,vi,air supremacy
223,Q185647,vi,Alexander Scriabin
224,Q866080,vi,Biscayne National Park
225,Q207361,vi,DARPA
226,Q133163,vi,percussion instrument
227,Q133066,vi,Eolambia
228,Q214693,vi,social capital
229,Q1639825,vi,blacksmith
230,Q207960,vi,Winsor McCay
231,Q19738,vi,1191
232,Q55808,vi,seabird
233,Q185631,vi,Nemertea
234,Q725686,vi,David Morrissey
235,Q34678,vi,stereo
236,Q148134,vi,Bryozoa
237,Q532598,vi,list of Wimbledon ladies' singles champions
238,Q13692,vi,windscreen wiper
239,Q152518,vi,Burning Man
240,Q222023,vi,The Chronicles of Narnia: Prince Caspian
241,Q189436,vi,speech recognition
242,Q635598,vi,Lithuanian Armed Forces
243,Q182944,vi,Shakespeare in Love
244,Q309690,vi,Charles Dance
245,Q484954,vi,pessimism
246,Q180507,vi,radiation therapy
247,Q19575,vi,Carlisle United F.C.
248,Q623059,vi,Aquaman
249,Q4539,vi,cooperative
250,Q106281,vi,Tarnów
251,Q39086874,vi,loot box
252,Q374093,vi,John Ratzenberger
253,Q169342,vi,retina
254,Q642683,vi,cold wave
255,Q159888,vi,Queen of Sheba
256,Q376657,vi,strategic management
257,Q103107,vi,Leto
258,Q985684,vi,Jonestown
259,Q243264,vi,heptathlon
260,Q68833,vi,bone fracture
261,Q23882,vi,ZX Spectrum
262,Q32566,vi,computed tomography
263,Q1231558,vi,smart city
264,Q917069,vi,rhabdomyolysis
265,Q19578,vi,Colchester United F.C.
266,Q723846,vi,Ediacara biota
267,Q207213,vi,Saturnalia
268,Q40844,vi,Breda
269,Q136842,vi,porbeagle
270,Q102686,vi,hermeneutics
271,Q188458,vi,Panspermia
272,Q13562566,vi,North American Numbering Plan
273,Q463632,vi,2002 Honda Accord
274,Q10134,vi,Klingon
275,Q81166,vi,mustard gas
276,Q188657,vi,striped hyena
277,Q291804,vi,de Havilland Canada DHC-2 Beaver
278,Q207380,vi,Isambard Kingdom Brunel
279,Q283350,vi,tumor protein p53
280,Q1096878,vi,scuba diving
281,Q32919,vi,Cambrian explosion
282,Q140435,vi,Conidae
283,Q156851,vi,Sedum
284,Q180287,vi,Moirae
285,Q133976,vi,Corynebacterium
286,Q659717,vi,Vienna Convention on Diplomatic Relations
287,Q26473,vi,Gregorian chant
288,Q26381,vi,Cuculidae
289,Q53438,vi,Augustus III of Poland
290,Q267721,vi,Grease
291,Q136726,vi,Singaporean cuisine
292,Q19595,vi,Leyton Orient F.C.
293,Q149069,vi,bottlenose dolphin
294,Q25340,vi,7th century BC
295,Q1894641,vi,New England aster
296,Q232831,vi,Suzanne Lenglen
297,Q209344,vi,Sapienza University of Rome
298,Q1066052,vi,Order of the Sacred Treasure
299,Q1768697,vi,Japanese sword
300,Q216221,vi,Steve Carell
301,Q208761,vi,history of Switzerland
302,Q149851,vi,Sequoiadendron giganteum
303,Q6231,vi,Cremona
304,Q47783,vi,postmodernism
305,Q312743,vi,Neil Sedaka
306,Q178678,vi,kickboxing
307,Q1953597,vi,slug
308,Q1137711,vi,the finger
309,Q131133,vi,determinism
310,Q157327,vi,Silverchair
311,Q130983,vi,cerebellum
312,Q161272,vi,social psychology
313,Q136851,vi,curling
314,Q626058,vi,Battle of Karbala
315,Q232477,vi,Jacqueline Bisset
316,Q186817,vi,porridge
317,Q192621,vi,The Daily Telegraph
318,Q639292,vi,Dennis
319,Q193040,vi,embedded system
320,Q1776868,vi,spark-gap transmitter
321,Q8089,vi,7th century
322,Q179585,vi,Ploiești
323,Q107392,vi,Tønsberg
324,Q3900260,vi,list of Once Upon a Time characters
325,Q139325,vi,Zach Galifianakis
326,Q121791,vi,Asian giant hornet
327,Q128709,vi,viscosity
328,Q134636,vi,Siamosaurus
329,Q19845,vi,Geri Halliwell
330,Q23095,vi,South Yorkshire
331,Q598,vi,Rzeszów
332,Q543461,vi,charge
333,Q117139,vi,Wiz Khalifa
334,Q167037,vi,corporation
335,Q187939,vi,manufacturing
336,Q131186,vi,choir
337,Q105726,vi,urination
338,Q1344824,vi,freedom of movement
339,Q208473,vi,Przemyśl
340,Q223768,vi,McFly
341,Q4640,vi,Vulcan
342,Q179246,vi,kayak
343,Q6679,vi,1492
344,Q3167,vi,Siegen
345,Q168338,vi,behaviorism
346,Q12507,vi,sphere
347,Q17378201,vi,corporal
348,Q232639,vi,Margaret Beckett
349,Q63116,vi,numeral
350,Q108988,vi,Kongsberg
351,Q152449,vi,Beit Shemesh
352,Q543692,vi,list of earthquakes in Japan
353,Q6131,vi,1501
354,Q221001,vi,Jacques Anquetil
355,Q231096,vi,Léa Seydoux
356,Q158004,vi,Piotrków Trybunalski
357,Q843926,vi,child soldier
358,Q556200,vi,Piła
359,Q68763,vi,Ceratonia siliqua
360,Q10660,vi,1100
361,Q128700,vi,cell wall
362,Q522057,vi,Edgar Wright
363,Q181014,vi,fugue
364,Q107351,vi,Hammerfest
365,Q886597,vi,The Texas Chain Saw Massacre
366,Q186024,vi,lieutenant
367,Q12499775,vi,nicotinamide adenine dinucleotide
368,Q29945,vi,3rd millennium BC
369,Q81,vi,carrot
370,Q182773,vi,Jolly Roger
371,Q341174,vi,V8
372,Q114380,vi,financial crisis
373,Q1928978,vi,viral infectious disease
374,Q37437,vi,syntax
375,Q1151000,vi,Tusi
376,Q205783,vi,Toussaint Louverture
377,Q7710,vi,1699
378,Q212939,vi,Solidago
379,Q678522,vi,universal basic income
380,Q385618,vi,Melvins
381,Q559392,vi,Medicare
382,Q115439,vi,4th millennium BC
383,Q82174,vi,Brașov
384,Q173366,vi,bayonet
385,Q45108,vi,Linum usitatissimum
386,Q4282636,vi,shooter game
387,Q846780,vi,Kalman filter
388,Q158742,vi,Adansonia digitata
389,Q1077790,vi,list of Soulcalibur characters
390,Q422500,vi,nuclear receptor
391,Q14763008,vi,mitotic cell cycle
392,Q6141,vi,1503
393,Q10962,vi,rugby league
394,Q21685,vi,Procellariiformes
395,Q10001,vi,Deventer
396,Q19949,vi,list of Resident Evil characters
397,Q1247220,vi,Ne me quitte pas
398,Q31528,vi,beak
399,Q2720143,vi,list of Hunter × Hunter characters
400,Q795848,vi,BET Awards
401,Q412356,vi,silicon carbide
402,Q205702,vi,ion thruster
403,Q935296,vi,Nemegtomaia
404,Q3832870,vi,succession to the British throne
405,Q270948,vi,action game
406,Q1455839,vi,Jack and the Beanstalk
407,Q39844,vi,1860s
408,Q8317,vi,visual effects
409,Q26675,vi,Northern Gannet
410,Q256698,vi,residency
411,Q134119,vi,Scipionyx
412,Q26844,vi,Wild Turkey
413,Q52842,vi,Kalisz
414,Q181485,vi,blast furnace
415,Q52371,vi,regiment
416,Q502188,vi,Alajuela Province
417,Q19539,vi,1118
418,Q207642,vi,Catha edulis
419,Q1071147,vi,Japanese-Language Proficiency Test
420,Q11627066,vi,West Nile fever
421,Q464476,vi,Black Flag
422,Q156944,vi,Acer pseudoplatanus
423,Q145972,vi,Zamość
424,Q14928,vi,oil tanker
425,Q156146,vi,Saxifraga
426,Q8086,vi,8th century
427,Q19736,vi,1190
428,Q23460,vi,900
429,Q1780133,vi,commando
430,Q1642983,vi,Echinacea
431,Q296500,vi,Terrence Howard
432,Q712602,vi,Taiwan after World War II
433,Q4224,vi,demographics of Russia
434,Q161437,vi,ophthalmology
435,Q25237,vi,pea
436,Q283339,vi,Paris Opera
437,Q9715,vi,semen
438,Q133278,vi,Gastrodia
439,Q160095,vi,Verbascum thapsus
440,Q9382,vi,urinary bladder
441,Q207373,vi,Club Social y Deportivo Colo Colo
442,Q1134677,vi,Magadheera
443,Q219912,vi,Fausto Coppi
444,Q559915,vi,History of Saudi Arabia
445,Q132549,vi,Erlikosaurus
446,Q13369466,vi,list of Attack on Titan characters
447,Q471914,vi,Pandanus
448,Q208184,vi,Gaia hypothesis
449,Q6148,vi,1504
450,Q5379,vi,1217
451,Q11771944,vi,civil service
452,Q104493,vi,risk
453,Q1303167,vi,barn
454,Q42675,vi,Manx
455,Q11083,vi,large intestine
456,Q313122,vi,Venustiano Carranza
457,Q916997,vi,Karoo
458,Q63100,vi,urban design
459,Q1541064,vi,smell
460,Q8090,vi,6th century
461,Q104720,vi,Zielona Góra
462,Q941276,vi,Warwick Castle
463,Q2922469,vi,commodities market
464,Q19629,vi,1147
465,Q783010,vi,Australian cuisine
466,Q847705,vi,sedative
467,Q320020,vi,aircraft ground handling
468,Q504256,vi,groundsel
469,Q185280,vi,Baia Mare
470,Q202290,vi,Nebbiolo
471,Q312902,vi,Stephen Lang
472,Q19612,vi,Preston North End F.C.
473,Q131762,vi,Garudimimus
474,Q220596,vi,habeas corpus
475,Q4511,vi,Kotayk Province
476,Q178871,vi,Apollo 14
477,Q155059,vi,leninism
478,Q184781,vi,traditional animation
479,Q735628,vi,Salento
480,Q132501,vi,glycerol
481,Q320584,vi,Salvia divinorum
482,Q208108,vi,Catch Me If You Can
483,Q124378,vi,earthworm
484,Q524526,vi,shakuhachi
485,Q18519,vi,Lincoln City F.C.
486,Q268253,vi,neo soul
487,Q161536,vi,Peter Stuyvesant
488,Q35395,vi,phonetics
489,Q5229,vi,1205
490,Q3966,vi,computer hardware
491,Q380875,vi,Thomas Telford
492,Q5974462,vi,ISO basic Latin alphabet
493,Q275459,vi,radiation syndrome
494,Q164204,vi,musicology
495,Q472055,vi,strategy video game
496,Q6137,vi,1502
497,Q116341,vi,Korçë
498,Q48943,vi,Gillingham F.C.
499,Q209815,vi,oral tradition
500,Q50104,vi,Debbie Wasserman Schultz
501,Q833586,vi,Dusky shark
502,Q4473,vi,Jennette McCurdy
503,Q1789882,vi,list of universities in Malaysia
504,Q193097,vi,ASCII art
505,Q19485,vi,1096
506,Q861670,vi,British Board of Film Classification
507,Q211638,vi,Värmland
508,Q58397,vi,amitriptyline
509,Q64684,vi,Timo Bernhard
510,Q292943,vi,Shriya Saran
511,Q46373,vi,Edgar Degas
512,Q154662,vi,Nana Mouskouri
513,Q181332,vi,zeolite
514,Q3290281,vi,Snake Eyes
515,Q130365,vi,riboflavin
516,Q32778,vi,bronchiectasis
517,Q230502,vi,Zygoptera
518,Q83188,vi,relativism
519,Q68144,vi,Zug
520,Q178061,vi,shock
521,Q319283,vi,Charlie Haden
522,Q5962358,vi,Chrysomallon squamiferum
523,Q48941,vi,Fleetwood Town F.C.
524,Q1250916,vi,warrior
525,Q548248,vi,St Asaph
526,Q108325,vi,chapel
527,Q26268,vi,Luleå
528,Q326224,vi,(S)-(−)-colchicine
529,Q304419,vi,Castle Bravo
530,Q736731,vi,The Three Caballeros
531,Q439315,vi,Jemaine Clement
532,Q151646,vi,Béla Kun
533,Q19681,vi,1170
534,Q220966,vi,Sihanoukville Province
535,Q420062,vi,capital accumulation
536,Q9606,vi,spinal cord
537,Q193234,vi,scooter
538,Q643284,vi,Chicago River
539,Q185816,vi,analogy
540,Q127944,vi,Arthur Compton
541,Q19662,vi,1160
542,Q9385,vi,ureter
543,Q42138,vi,citizenship
544,Q416601,vi,androgen receptor
545,Q162672,vi,Carrie
546,Q19594,vi,1135
547,Q131568,vi,Pachyrhinosaurus
548,Q720403,vi,Kashmar
549,Q170366,vi,Ahvaz
550,Q126321,vi,Eisenstadt
551,Q122290,vi,Jean-Paul Marat
552,Q15991269,vi,amateur sports
553,Q487278,vi,Meiningen
554,Q2526635,vi,love at first sight
555,Q157658,vi,Oenothera
556,Q6445454,vi,Ergot
557,Q81825,vi,caterpillar
558,Q3276239,vi,hell in Christianity
559,Q1330180,vi,Gnat
560,Q637820,vi,Amour
561,Q1132045,vi,USS Blue Ridge
562,Q707538,vi,Stephen Dillane
563,Q1519099,vi,polio vaccine
564,Q426921,vi,artemisinin
565,Q643883,vi,Sialkot
566,Q202371,vi,The Rescuers Down Under
567,Q510345,vi,peace symbol
568,Q220918,vi,Emilio Estévez
569,Q216191,vi,sow bug
570,Q188879,vi,Atlantic salmon
571,Q648932,vi,Talyllyn Railway
572,Q42767,vi,whaling
573,Q5427,vi,1236
574,Q42165,vi,buttocks
575,Q161114,vi,Arundo donax
576,Q839492,vi,Palm wine
577,Q19731,vi,1187
578,Q34010,vi,Haskell
579,Q1482,vi,Cavite City
580,Q431604,vi,cross-dressing
581,Q203472,vi,Fregata
582,Q224962,vi,Kajal Aggarwal
583,Q107190,vi,Peter Pan
584,Q8095,vi,5th century
585,Q156091,vi,Atropa belladonna
586,Q19602,vi,1137
587,Q73984,vi,disinfectant
588,Q6182,vi,1510
589,Q194246,vi,tennis at the 2008 Summer Olympics
590,Q1186378,vi,democratic peace theory
591,Q802,vi,Nowy Sącz
592,Q109036,vi,Haugesund
593,Q231458,vi,palm oil
594,Q236083,vi,Suwałki
595,Q6498684,vi,ownership
596,Q81375,vi,Cicer arietinum
597,Q2705607,vi,Banksia menziesii
598,Q5320,vi,switch
599,Q712378,vi,organ
600,Q172991,vi,Council of Trent
601,Q132782,vi,Phytoplasma
602,Q19633,vi,1148
603,Q187760,vi,new wave
604,Q854787,vi,Spitz
605,Q677423,vi,drifting
606,Q541027,vi,Tyne and Wear Metro
607,Q147847,vi,9K38 Igla
608,Q25586,vi,600
609,Q155311,vi,Voyager program
610,Q313574,vi,Butch Cassidy
611,Q156954,vi,Colorado potato beetle
612,Q1212935,vi,placenta
613,Q23799,vi,1125
614,Q460967,vi,American Robin
615,Q187846,vi,Russian alphabet
616,Q212873,vi,Jane Birkin
617,Q167852,vi,Jabir ibn Hayyan
618,Q1432146,vi,Nashville International Airport
619,Q175449,vi,trachea
620,Q498019,vi,Richard Simmons
621,Q814004,vi,Beechcraft Staggerwing
622,Q334149,vi,Fasciola hepatica
623,Q507234,vi,fatigue
624,Q776139,vi,Semele
625,Q1652493,vi,Sushma Swaraj
626,Q706097,vi,Ryōmaden
627,Q1591686,vi,BAe 125
628,Q19640,vi,1150
629,Q1124183,vi,lumberjack
630,Q332674,vi,Cygnus X-1
631,Q194101,vi,dwarfism
632,Q7623897,vi,all-female band
633,Q854451,vi,Celtic music
634,Q186237,vi,Joensuu
635,Q2022317,vi,Hounslow
636,Q19735,vi,1189
637,Q104731,vi,Gorzów Wielkopolski
638,Q6243,vi,variable star
639,Q342765,vi,Arthur Griffith
640,Q666412,vi,cervix
641,Q218652,vi,Wu Xing
642,Q187860,vi,option
643,Q234184,vi,Chełm
644,Q163214,vi,diffusion
645,Q180109,vi,Apollonius of Perga
646,Q144786,vi,Zakopane
647,Q5227,vi,1203
648,Q223745,vi,Guy Pearce
649,Q7595,vi,1668
650,Q623434,vi,waterbuck
651,Q156251,vi,Capparis spinosa
652,Q358032,vi,Aidan Gillen
653,Q35760,vi,essay
654,Q59256,vi,Ophiuroidea
655,Q474697,vi,Tczew
656,Q5096,vi,West Papua
657,Q627992,vi,Rickettsia
658,Q1063273,vi,DVD-Video
659,Q159111,vi,Commelina communis
660,Q200442,vi,Canis lupus rufus
661,Q675848,vi,University of Zagreb
662,Q223697,vi,FIM-92 Stinger
663,Q111463,vi,Paranthropus
664,Q29001073,vi,Orthohantavirus
665,Q528572,vi,Rodrigues Solitaire
666,Q518069,vi,Paxillus involutus
667,Q183015,vi,Samangan
668,Q235344,vi,Battle of the Alamo
669,Q77113,vi,Theobald von Bethmann Hollweg
670,Q992,vi,Amersfoort
671,Q653807,vi,catalytic converter
672,Q116219,vi,Alex Borstein
673,Q17210,vi,container ship
674,Q158214,vi,Bipasha Basu
675,Q33123,vi,proteolysis
676,Q160872,vi,flag of Chile
677,Q5226,vi,1202
678,Q18366,vi,experimental physics
679,Q313721,vi,Cornelius Vanderbilt
680,Q708731,vi,German Film Award
681,Q2717614,vi,Cordyline fruticosa
682,Q229256,vi,dermatitis
683,Q28165,vi,cinnamon
684,Q252029,vi,Silky shark
685,Q188245,vi,polyester
686,Q232113,vi,Anna Karina
687,Q218842,vi,zolpidem
688,Q722678,vi,Augustan History
689,Q208958,vi,Good Friday Agreement
690,Q159545,vi,Cornus
691,Q175173,vi,massively multiplayer online role-playing game
692,Q177784,vi,hydraulics
693,Q157230,vi,Pinus strobus
694,Q932258,vi,Eleusine coracana
695,Q193447,vi,Adenoviridae
696,Q5433,vi,1238
697,Q496,vi,feces
698,Q242819,vi,Lucullus
699,Q125482,vi,imam
700,Q212545,vi,Natasha Richardson
701,Q6693,vi,1494
702,Q11387,vi,open cluster
703,Q235452,vi,Yipsi Moreno
704,Q324563,vi,SWAT team
705,Q969006,vi,Cactus Wren
706,Q234074,vi,Pattie Boyd
707,Q84232,vi,Veronica Lake
708,Q206338,vi,Isopoda
709,Q19590,vi,1134
710,Q131781,vi,Montanoceratops
711,Q2609672,vi,Army Reserve
712,Q489798,vi,Andalusian horse
713,Q522481,vi,Serbia women's national volleyball team
714,Q8418,vi,handball
715,Q190927,vi,Beringia
716,Q853718,vi,Fun and Fancy Free
717,Q179830,vi,Jelgava
718,Q1779558,vi,Irene Adler
719,Q271707,vi,rheology
720,Q842387,vi,vigesimal
721,Q24855,vi,914
722,Q6551,vi,1548
723,Q25989,vi,Central European Time
724,Q5430,vi,1237
725,Q2140674,vi,ballistic trauma
726,Q6687,vi,1493
727,Q315747,vi,Georges Ernest Boulanger
728,Q1478899,vi,leopard shark
729,Q2532287,vi,Ronald
730,Q134867,vi,Danny Boyle
731,Q1277255,vi,Lagenaria siceraria
732,Q863963,vi,The Adventures of Ichabod and Mr. Toad
733,Q2258881,vi,trout
734,Q595622,vi,MDAX
735,Q897825,vi,firefighting
736,Q45974,vi,White-bellied Sea Eagle
737,Q188614,vi,Pastinaca sativa
738,Q271737,vi,Nakhon Ratchasima
739,Q19439,vi,1075
740,Q313306,vi,Lou Ferrigno
741,Q5251,vi,1211
742,Q146439,vi,silicone
743,Q109535,vi,Zutphen
744,Q541664,vi,Pelagic Cormorant
745,Q142714,vi,card game
746,Q117068,vi,yerba mate
747,Q188285,vi,motet
748,Q72105,vi,Bog turtle
749,Q93128,vi,William Harvey
750,Q1475619,vi,Type 26 frigate
751,Q294572,vi,Gustave Le Bon
752,Q14208553,vi,invention
753,Q183414,vi,punched card
754,Q193589,vi,Platonism
755,Q157489,vi,Symphony No. 3
756,Q5435,vi,1240
757,Q208542,vi,Theotokos
758,Q473932,vi,roll-on/roll-off ship
759,Q321342,vi,Auricularia auricula-judae
760,Q329046,vi,Arbutus unedo
761,Q10980,vi,triathlon
762,Q123947,vi,Highgate
763,Q87167,vi,manuscript
764,Q209751,vi,Eurovision Song Contest 1976
765,Q14413,vi,Σ
766,Q5412,vi,1230
767,Q28516,vi,Tarnobrzeg
768,Q682520,vi,Transport for London
769,Q25563078,vi,Karimnagar
770,Q189088,vi,von Neumann architecture
771,Q443343,vi,Jeffrey DeMunn
772,Q39847,vi,1870s
773,Q1233109,vi,Falstaff
774,Q4069073,vi,Dormition of the Mother of God
775,Q483693,vi,parkour
776,Q193809,vi,Aigues-Mortes
777,Q508568,vi,Andrew Wakefield
778,Q493481,vi,Flekkefjord
779,Q1643932,vi,tabletop role-playing game
780,Q213574,vi,Rutger Hauer
781,Q242627,vi,pyrrole
782,Q2857311,vi,Salmo trutta
783,Q2155557,vi,Jet Provost
784,Q188215,vi,gnome
785,Q165296,vi,Wendi McLendon-Covey
786,Q1122261,vi,Supreme Court of the United Kingdom
787,Q161081,vi,deflation
788,Q215633,vi,Łomża
789,Q311169,vi,Graham Greene
790,Q1027123,vi,Daiya Seto
791,Q158597,vi,Anopheles
792,Q158986,vi,Annona cherimola
793,Q193378,vi,biomechanics
794,Q19750,vi,1198
795,Q173527,vi,Knossos
796,Q192386,vi,military science
797,Q133981,vi,first aid
798,Q189573,vi,Golden Rule
799,Q182343,vi,Niagara River
800,Q179256,vi,Narcissus
801,Q503804,vi,Sandhill Crane
802,Q315633,vi,Carlos Salinas de Gortari
803,Q41894,vi,Battle of New Orleans
804,Q134003,vi,hemophilia
805,Q156935,vi,Hypericum
806,Q2161,vi,Tacitus
807,Q782430,vi,2007 Australian Open – Women's Singles
808,Q193713,vi,smoking
809,Q117867,vi,Missy Franklin
810,Q616109,vi,Treaty of Guadalupe Hidalgo
811,Q496224,vi,list of political parties in South Korea
812,Q28161,vi,labour economics
813,Q185088,vi,People's Party
814,Q221056,vi,Bryde's Whale
815,Q64386,vi,gallbladder
816,Q51880,vi,Charles de Foucauld
817,Q2875716,vi,Boeing Field
818,Q461524,vi,fan fiction
819,Q269646,vi,Aly & AJ
820,Q168154,vi,Once Upon a Time in the West
821,Q242797,vi,voiced bilabial plosive
822,Q131580,vi,Anchiceratops
823,Q206033,vi,Google Books
824,Q5366,vi,1215
825,Q900804,vi,Gyromitra esculenta
826,Q219355,vi,Roswell UFO incident
827,Q868337,vi,War of Currents
828,Q186867,vi,Austrian People's Party
829,Q167677,vi,Yavne
830,Q7434319,vi,Scolosaurus
831,Q223880,vi,Emma
832,Q1058375,vi,double agent
833,Q19743,vi,1194
834,Q104838338,vi,Lactifluus volemus
835,Q5405,vi,1226
836,Q367327,vi,Red-billed Quelea
837,Q5332,vi,Saratov
838,Q216762,vi,hatchback
839,Q5804278,vi,Sam Roland Heughan
840,Q6695,vi,1495
841,Q131423,vi,sampi
842,Q689846,vi,assisted suicide
843,Q27429789,vi,macular degeneration
844,Q328798,vi,environmental law
845,Q11235354,vi,NHK Cup
846,Q301055,vi,Antarctic minke whale
847,Q955764,vi,University of Illinois at Chicago
848,Q301044,vi,Central American river turtle
849,Q569874,vi,surround sound
850,Q6161,vi,1507
851,Q6708,vi,1499
852,Q600751,vi,prosecutor
853,Q170525,vi,Agadir
854,Q131138,vi,joke
855,Q132945,vi,Bushehr Province
856,Q1031706,vi,Discovery Expedition
857,Q104363,vi,anvil
858,Q744593,vi,military–industrial complex
859,Q130514,vi,Luxor
860,Q12404,vi,Uri
861,Q466714,vi,neutron moderator
862,Q21962227,vi,Mangrove Warbler
863,Q862490,vi,massively multiplayer online game
864,Q654426,vi,psychological trauma
865,Q533822,vi,WordNet
866,Q178074,vi,veto power
867,Q156137,vi,Quercus suber
868,Q585521,vi,Biltmore Estate
869,Q19646,vi,1153
870,Q276396,vi,Ferrari 458
871,Q187126,vi,glycoprotein
872,Q374678,vi,Paolo Sorrentino
873,Q1046049,vi,Captain Nemo
874,Q232511,vi,Kathryn Joosten
875,Q109992,vi,Łowicz
876,Q2544599,vi,Cichorium intybus
877,Q311980,vi,Chris Diamantopoulos
878,Q770709,vi,blunt trauma
879,Q846227,vi,antiviral drug
880,Q27075906,vi,Kirtland's Warbler
881,Q826930,vi,heart
882,Q133244,vi,jaundice
883,Q7342,vi,Oświęcim
884,Q147934,vi,Jelenia Góra
885,Q3085934,vi,Iloilo International Airport
886,Q5411,vi,1229
887,Q104625,vi,Far East Movement
888,Q215657,vi,PIERER Mobility AG
889,Q311615,vi,Thomas Haden Church
890,Q57364,vi,Thomas de Maizière
891,Q64004122,vi,The Invisible Man
892,Q33226,vi,speech-language pathology
893,Q244404,vi,electrical injury
894,Q66013,vi,Głogów
895,Q52892,vi,Leszno
896,Q207344,vi,Kevlar
897,Q42056,vi,Gangneung
898,Q471187,vi,Kagyu
899,Q8805,vi,bit
900,Q2025898,vi,Bigeye trevally
901,Q6699,vi,1496
902,Q378132,vi,Big Five personality traits
903,Q30114,vi,1126
904,Q1177750,vi,City of David
905,Q43450,vi,gymnastics
906,Q11000047,vi,health system
907,Q849084,vi,opto-isolator
908,Q166562,vi,Ornella Muti
909,Q58778,vi,system
910,Q16849,vi,Matti Nykänen
911,Q5255,vi,1212
912,Q644960,vi,Battle of the Boyne
913,Q5402,vi,1224
914,Q550395,vi,Joey Lawrence
915,Q101530,vi,Wieluń
916,Q14872779,vi,"chromosome, telomeric region"
917,Q187205,vi,Bistrița
918,Q874342,vi,interactive television
919,Q1338307,vi,Black–Scholes model
920,Q131940,vi,Talarurus
921,Q844123,vi,Portland cement
922,Q1196075,vi,Our Lady of Sorrows
923,Q660064,vi,ballot initiative
924,Q10395,vi,Cirebon
925,Q9045,vi,Chanakya
926,Q461816,vi,Hussain Muhammad Ershad
927,Q30318,vi,978
928,Q33943,vi,Euterpe oleracea
929,Q2785021,vi,global citizenship
930,Q179908,vi,Ahmed Ben Bella
931,Q17501733,vi,Bayraktar TB2
932,Q158464,vi,rutabaga
933,Q229300,vi,Quentin Bryce
934,Q1137896,vi,tower defense
935,Q463585,vi,Indira Varma
936,Q44385,vi,Walther von der Vogelweide
937,Q237970,vi,ouroboros
938,Q263478,vi,note
939,Q101341,vi,Lillehammer
940,Q90590,vi,Grimstad
941,Q1443,vi,Molise
942,Q2888828,vi,Pseudomonas stutzeri
943,Q313804,vi,Casper Van Dien
944,Q525065,vi,Michael Rooker
945,Q216826,vi,Muqtada al-Sadr
946,Q131003,vi,Toxoplasma gondii
947,Q212893,vi,Aran Islands
948,Q381283,vi,Commander 500 family
949,Q213621,vi,Niobe
950,Q5373,vi,1216
951,Q181876,vi,metastasis
952,Q19463,vi,1088
953,Q146406,vi,Nuphar lutea
954,Q189047,vi,Zellig S. Harris
955,Q477133,vi,Indian Roller
956,Q465914,vi,Steven Culp
957,Q12053,vi,1101
958,Q27461,vi,European Storm Petrel
959,Q756913,vi,Canada at the Olympics
960,Q5358,vi,1214
961,Q19606,vi,1138
962,Q27366,vi,Beech Marten
963,Q1054325,vi,St. Clair River
964,Q134637,vi,Gilmoreosaurus
965,Q35221,vi,reflecting telescope
966,Q49329,vi,Gajah Mada
967,Q424160,vi,Akutagawa Prize
968,Q899079,vi,lithium battery
969,Q20129,vi,omelette
970,Q129059,vi,Western Capercaillie
971,Q775574,vi,Golden-crowned sifaka
972,Q1901,vi,nobelium
973,Q19614,vi,1142
974,Q1432030,vi,Jilin University
975,Q19542,vi,1120
976,Q1140224,vi,military doctrine
977,Q39330,vi,Yorkshire Terrier
978,Q509021,vi,neutrino oscillation
979,Q203994,vi,euphoria
980,Q180266,vi,scarlet fever
981,Q159715,vi,Cestoda
982,Q930937,vi,Michael Cudlitz
983,Q2671806,vi,Coffea charrieriana
984,Q212805,vi,digital library
985,Q416701,vi,(RS)-mianserin
986,Q19690,vi,1174
987,Q1862981,vi,Jashore District
988,Q642235,vi,Willie Wagtail
989,Q43511,vi,fennel
990,Q156810,vi,Martha Argerich
991,Q2080325,vi,Siege of Fort William Henry
992,Q311202,vi,Pseudomonas syringae
993,Q602288,vi,It
994,Q844051,vi,The Who Sell Out
995,Q6382533,vi,battalion
996,Q296647,vi,Ralph Lauren
997,Q6170,vi,1508
998,Q313138,vi,Redman
999,Q4758,vi,Caecilian
1000,Q146820,vi,Malbork
1001,Q1010954,en,Somoto
1002,Q4927937,en,Robert
1003,Q36297,en,1950s
1004,Q7799533,en,Thwaites Glacier 
1005,Q34644,en,1980s
1006,Q38324,en,1840s
1007,Q827229,en,Bershad
1008,Q213448,en,Danica Patrick
1009,Q126236,en,conquistador
1010,Q20894959,en,deaths in September 2015
1011,Q35702,en,1930s
1012,Q172438,en,Peterborough
1013,Q10510,en,Jenson Button
1014,Q703205,en,Gottfried Wilhelm Leibniz Prize
1015,Q1840959,en,list of rotorcraft
1016,Q22905,en,Bradford
1017,Q36561,en,1940s
1018,Q772247,en,Malaysian cuisine
1019,Q1200678,en,mystery film
1020,Q7063,en,11th century
1021,Q313381,en,Tom Brady
1022,Q152262,en,Pluto
1023,Q17054,en,Martinique
1024,Q1067324,en,exploitation film
1025,Q182037,en,naiad
1026,Q2602563,en,human nutrition
1027,Q164444,en,funk
1028,Q133067,en,mosaic
1029,Q223685,en,steampunk
1030,Q23066,en,Cumbria
1031,Q209096,en,Burnley
1032,Q6824,en,1704
1033,Q38971,en,1890s
1034,Q1067053,en,Global Association of International Sports Federations
1035,Q851213,en,electronic dance music
1036,Q6866,en,1711
1037,Q178197,en,mercenary
1038,Q58848,en,pacifism
1039,Q193871,en,Marshall McLuhan
1040,Q2564359,en,unsimulated sex
1041,Q3188,en,Jackie Stewart
1042,Q164304,en,Deal or No Deal
1043,Q163584,en,Derry
1044,Q861764,en,CBS News
1045,Q23115,en,Northamptonshire
1046,Q190083,en,Ural Owl
1047,Q732267,en,Bloop
1048,Q2891256,en,list of 24 characters
1049,Q401,en,cuneiform
1050,Q191924,en,D-methamphetamine
1051,Q25339,en,5th century BC
1052,Q199796,en,Popeye
1053,Q131359,en,professional wrestling
1054,Q133585,en,airship
1055,Q6814,en,1701
1056,Q40953,en,prayer
1057,Q76382,en,Sinn Féin
1058,Q61465,en,rhythmic gymnastics
1059,Q7642193,en,Super Bowl 50
1060,Q38674,en,1880s
1061,Q179957,en,palaeography
1062,Q725744,en,keyboard layout
1063,Q901227,en,natural product
1064,Q3276347,en,list of political parties in Malaysia
1065,Q33513,en,Hebrew alphabet
1066,Q546906,en,Clerodendrum
1067,Q25716,en,1st millennium BC
1068,Q1194382,en,Solenopsis invicta
1069,Q7061,en,12th century
1070,Q14660,en,flag
1071,Q19921,en,nuclear winter
1072,Q272074,en,Snake River
1073,Q54505,en,quantum field theory
1074,Q212518,en,Patrick Dempsey
1075,Q242185,en,Bill Russell
1076,Q160642,en,Salisbury
1077,Q103217,en,Częstochowa
1078,Q217115,en,Ramzan Kadyrov
1079,Q1750631,en,list of search engines
1080,Q43290,en,Talmud
1081,Q5611246,en,group mind
1082,Q36585,en,1910s
1083,Q194258,en,Japan Academy Film Prize
1084,Q1022488,en,Brighton and Hove
1085,Q380613,en,Rory McIlroy
1086,Q3249257,en,adult animation
1087,Q233748,en,Akshay Kumar
1088,Q522661,en,Isle of Man TT
1089,Q669010,en,West Side Story
1090,Q45313,en,Herat
1091,Q156414,en,Centaurea
1092,Q381285,en,Ralph Richardson
1093,Q157696,en,sergeant
1094,Q167934,en,serotonin
1095,Q19589,en,Doncaster Rovers F.C.
1096,Q181754,en,heart failure
1097,Q180727,en,John Cage
1098,Q81900,en,Teuthida
1099,Q459290,en,independent film
1100,Q177826,en,clergy
1101,Q628967,en,labor law
1102,Q202256,en,timeline of LGBT history
1103,Q214640,en,Brzeg
1104,Q868291,en,playoffs
1105,Q621080,en,Library of Congress Classification
1106,Q488205,en,singer-songwriter
1107,Q318017,en,"Robert Dudley, 1st Earl of Leicester"
1108,Q1324207,en,Canadian cuisine
1109,Q189564,en,Pierre Teilhard de Chardin
1110,Q25321,en,3rd century BC
1111,Q10379,en,cardiology
1112,Q428871,en,Haplogroup O-M175
1113,Q27179,en,American mink
1114,Q192185,en,Aaron Copland
1115,Q837718,en,energy storage
1116,Q185387,en,suffrage
1117,Q104712,en,Elbląg
1118,Q422112,en,methylphenidate
1119,Q2875704,en,fixed-wing aircraft
1120,Q41923,en,yodeling
1121,Q585537,en,Hot Wheels
1122,Q948200,en,Manned Orbiting Laboratory
1123,Q7437083,en,Scott Pruitt
1124,Q189288,en,Stratford-upon-Avon
1125,Q132738,en,Alberto Contador
1126,Q187255,en,rheumatoid arthritis
1127,Q19008,en,Arthur Balfour
1128,Q160672,en,Amhrán na bhFiann
1129,Q201808,en,minke whale
1130,Q101797,en,Winona Ryder
1131,Q887117,en,Governor of Massachusetts
1132,Q560534,en,Pol Espargaró
1133,Q173235,en,analgesic
1134,Q213854,en,Virat Kohli
1135,Q152357,en,red hair
1136,Q212954,en,Goth
1137,Q105487,en,Maurice Jarre
1138,Q1865281,en,whale
1139,Q194277,en,action potential
1140,Q113013,en,postmodern literature
1141,Q407232,en,glyphosate
1142,Q106255,en,Jean-Paul Belmondo
1143,Q215605,en,Chinese dragon
1144,Q7823,en,1798
1145,Q975207,en,Marcus Ericsson
1146,Q211171,en,polychlorinated biphenyl
1147,Q7208,en,pathology
1148,Q244410,en,Southern right whale
1149,Q48416,en,Article One of the United States Constitution
1150,Q174077,en,flash memory
1151,Q144682,en,Gentiana
1152,Q185453,en,Multan
1153,Q25296,en,6th century BC
1154,Q116434,en,phonograph
1155,Q147778,en,liver cirrhosis
1156,Q38695,en,cooking
1157,Q52985,en,Hergé
1158,Q5406,en,Hittites
1159,Q723937,en,list of Wimbledon gentlemen's singles champions
1160,Q12433,en,Schwyz
1161,Q2334111,en,list of Shaman King characters
1162,Q147395,en,Kajol
1163,Q315756,en,Mike Leigh
1164,Q1156958,en,Order of the Paulownia Flowers
1165,Q131652,en,Panoplosaurus
1166,Q1089120,en,Pakistani cuisine
1167,Q440,en,Salvador Allende
1168,Q462830,en,list of US Open women's singles champions
1169,Q29545,en,Kevin Durant
1170,Q84412,en,Wilhelm Reich
1171,Q205256,en,Tsetse fly
1172,Q2973,en,Darmstadt
1173,Q756784,en,2005 Atlantic hurricane season
1174,Q179733,en,Aryan
1175,Q897410,en,brain–computer interface
1176,Q6790,en,1597
1177,Q377910,en,post-hardcore
1178,Q211519,en,Emmeline Pankhurst
1179,Q889872,en,Coachella Valley Music and Arts Festival
1180,Q208144,en,antipsychotics
1181,Q210148,en,Peter Fonda
1182,Q18336,en,heraldry
1183,Q180556,en,Helicobacter pylori
1184,Q308722,en,James Gandolfini
1185,Q640353,en,Golden Globe Cecil B. DeMille Award
1186,Q274586,en,sports car
1187,Q209175,en,Kim Cattrall
1188,Q928960,en,Streamline Moderne
1189,Q131113,en,Ulmus
1190,Q131143,en,Pseudomonas
1191,Q47398,en,economic history
1192,Q130283,en,Macbeth
1193,Q170439,en,chord
1194,Q188989,en,aquaculture
1195,Q189400,en,Brooke Shields
1196,Q219878,en,Emma Bunton
1197,Q187484,en,Steller’s sea cow
1198,Q742736,en,bias
1199,Q725503,en,long and short scales
1200,Q25335,en,4th century BC
1201,Q1137707,en,RoboCup
1202,Q26777,en,Sierra Nevada
1203,Q337078,en,The Big Lebowski
1204,Q136208,en,ZIP code
1205,Q228405,en,Madurai
1206,Q188956,en,plant pathology
1207,Q186349,en,Târgu Mureș
1208,Q130857,en,disc jockey
1209,Q191907,en,carotenoid
1210,Q23092,en,Nottinghamshire
1211,Q57468,en,Prince Louis of Battenberg
1212,Q206901,en,amyotrophic lateral sclerosis
1213,Q312380,en,Christopher Eccleston
1214,Q81091,en,Bison bonasus
1215,Q1811300,en,VISCII
1216,Q79871,en,anger
1217,Q101191,en,Myrmarachne
1218,Q1374,en,Matterhorn
1219,Q14373,en,fishing
1220,Q917642,en,Hell Creek Formation
1221,Q22280388,en,homologous recombination
1222,Q898788,en,air supremacy
1223,Q185647,en,Alexander Scriabin
1224,Q866080,en,Biscayne National Park
1225,Q207361,en,DARPA
1226,Q133163,en,percussion instrument
1227,Q133066,en,Eolambia
1228,Q214693,en,social capital
1229,Q1639825,en,blacksmith
1230,Q207960,en,Winsor McCay
1231,Q19738,en,1191
1232,Q55808,en,seabird
1233,Q185631,en,Nemertea
1234,Q725686,en,David Morrissey
1235,Q34678,en,stereo
1236,Q148134,en,Bryozoa
1237,Q532598,en,list of Wimbledon ladies' singles champions
1238,Q13692,en,windscreen wiper
1239,Q152518,en,Burning Man
1240,Q222023,en,The Chronicles of Narnia: Prince Caspian
1241,Q189436,en,speech recognition
1242,Q635598,en,Lithuanian Armed Forces
1243,Q182944,en,Shakespeare in Love
1244,Q309690,en,Charles Dance
1245,Q484954,en,pessimism
1246,Q180507,en,radiation therapy
1247,Q19575,en,Carlisle United F.C.
1248,Q623059,en,Aquaman
1249,Q4539,en,cooperative
1250,Q106281,en,Tarnów
1251,Q39086874,en,loot box
1252,Q374093,en,John Ratzenberger
1253,Q169342,en,retina
1254,Q642683,en,cold wave
1255,Q159888,en,Queen of Sheba
1256,Q376657,en,strategic management
1257,Q103107,en,Leto
1258,Q985684,en,Jonestown
1259,Q243264,en,heptathlon
1260,Q68833,en,bone fracture
1261,Q23882,en,ZX Spectrum
1262,Q32566,en,computed tomography
1263,Q1231558,en,smart city
1264,Q917069,en,rhabdomyolysis
1265,Q19578,en,Colchester United F.C.
1266,Q723846,en,Ediacara biota
1267,Q207213,en,Saturnalia
1268,Q40844,en,Breda
1269,Q136842,en,porbeagle
1270,Q102686,en,hermeneutics
1271,Q188458,en,Panspermia
1272,Q13562566,en,North American Numbering Plan
1273,Q463632,en,2002 Honda Accord
1274,Q10134,en,Klingon
1275,Q81166,en,mustard gas
1276,Q188657,en,striped hyena
1277,Q291804,en,de Havilland Canada DHC-2 Beaver
1278,Q207380,en,Isambard Kingdom Brunel
1279,Q283350,en,tumor protein p53
1280,Q1096878,en,scuba diving
1281,Q32919,en,Cambrian explosion
1282,Q140435,en,Conidae
1283,Q156851,en,Sedum
1284,Q180287,en,Moirae
1285,Q133976,en,Corynebacterium
1286,Q659717,en,Vienna Convention on Diplomatic Relations
1287,Q26473,en,Gregorian chant
1288,Q26381,en,Cuculidae
1289,Q53438,en,Augustus III of Poland
1290,Q267721,en,Grease
1291,Q136726,en,Singaporean cuisine
1292,Q19595,en,Leyton Orient F.C.
1293,Q149069,en,bottlenose dolphin
1294,Q25340,en,7th century BC
1295,Q1894641,en,New England aster
1296,Q232831,en,Suzanne Lenglen
1297,Q209344,en,Sapienza University of Rome
1298,Q1066052,en,Order of the Sacred Treasure
1299,Q1768697,en,Japanese sword
1300,Q216221,en,Steve Carell
1301,Q208761,en,history of Switzerland
1302,Q149851,en,Sequoiadendron giganteum
1303,Q6231,en,Cremona
1304,Q47783,en,postmodernism
1305,Q312743,en,Neil Sedaka
1306,Q178678,en,kickboxing
1307,Q1953597,en,slug
1308,Q1137711,en,the finger
1309,Q131133,en,determinism
1310,Q157327,en,Silverchair
1311,Q130983,en,cerebellum
1312,Q161272,en,social psychology
1313,Q136851,en,curling
1314,Q626058,en,Battle of Karbala
1315,Q232477,en,Jacqueline Bisset
1316,Q186817,en,porridge
1317,Q192621,en,The Daily Telegraph
1318,Q639292,en,Dennis
1319,Q193040,en,embedded system
1320,Q1776868,en,spark-gap transmitter
1321,Q8089,en,7th century
1322,Q179585,en,Ploiești
1323,Q107392,en,Tønsberg
1324,Q3900260,en,list of Once Upon a Time characters
1325,Q139325,en,Zach Galifianakis
1326,Q121791,en,Asian giant hornet
1327,Q128709,en,viscosity
1328,Q134636,en,Siamosaurus
1329,Q19845,en,Geri Halliwell
1330,Q23095,en,South Yorkshire
1331,Q598,en,Rzeszów
1332,Q543461,en,charge
1333,Q117139,en,Wiz Khalifa
1334,Q167037,en,corporation
1335,Q187939,en,manufacturing
1336,Q131186,en,choir
1337,Q105726,en,urination
1338,Q1344824,en,freedom of movement
1339,Q208473,en,Przemyśl
1340,Q223768,en,McFly
1341,Q4640,en,Vulcan
1342,Q179246,en,kayak
1343,Q6679,en,1492
1344,Q3167,en,Siegen
1345,Q168338,en,behaviorism
1346,Q12507,en,sphere
1347,Q17378201,en,corporal
1348,Q232639,en,Margaret Beckett
1349,Q63116,en,numeral
1350,Q108988,en,Kongsberg
1351,Q152449,en,Beit Shemesh
1352,Q543692,en,list of earthquakes in Japan
1353,Q6131,en,1501
1354,Q221001,en,Jacques Anquetil
1355,Q231096,en,Léa Seydoux
1356,Q158004,en,Piotrków Trybunalski
1357,Q843926,en,child soldier
1358,Q556200,en,Piła
1359,Q68763,en,Ceratonia siliqua
1360,Q10660,en,1100
1361,Q128700,en,cell wall
1362,Q522057,en,Edgar Wright
1363,Q181014,en,fugue
1364,Q107351,en,Hammerfest
1365,Q886597,en,The Texas Chain Saw Massacre
1366,Q186024,en,lieutenant
1367,Q12499775,en,nicotinamide adenine dinucleotide
1368,Q29945,en,3rd millennium BC
1369,Q81,en,carrot
1370,Q182773,en,Jolly Roger
1371,Q341174,en,V8
1372,Q114380,en,financial crisis
1373,Q1928978,en,viral infectious disease
1374,Q37437,en,syntax
1375,Q1151000,en,Tusi
1376,Q205783,en,Toussaint Louverture
1377,Q7710,en,1699
1378,Q212939,en,Solidago
1379,Q678522,en,universal basic income
1380,Q385618,en,Melvins
1381,Q559392,en,Medicare
1382,Q115439,en,4th millennium BC
1383,Q82174,en,Brașov
1384,Q173366,en,bayonet
1385,Q45108,en,Linum usitatissimum
1386,Q4282636,en,shooter game
1387,Q846780,en,Kalman filter
1388,Q158742,en,Adansonia digitata
1389,Q1077790,en,list of Soulcalibur characters
1390,Q422500,en,nuclear receptor
1391,Q14763008,en,mitotic cell cycle
1392,Q6141,en,1503
1393,Q10962,en,rugby league
1394,Q21685,en,Procellariiformes
1395,Q10001,en,Deventer
1396,Q19949,en,list of Resident Evil characters
1397,Q1247220,en,Ne me quitte pas
1398,Q31528,en,beak
1399,Q2720143,en,list of Hunter × Hunter characters
1400,Q795848,en,BET Awards
1401,Q412356,en,silicon carbide
1402,Q205702,en,ion thruster
1403,Q935296,en,Nemegtomaia
1404,Q3832870,en,succession to the British throne
1405,Q270948,en,action game
1406,Q1455839,en,Jack and the Beanstalk
1407,Q39844,en,1860s
1408,Q8317,en,visual effects
1409,Q26675,en,Northern Gannet
1410,Q256698,en,residency
1411,Q134119,en,Scipionyx
1412,Q26844,en,Wild Turkey
1413,Q52842,en,Kalisz
1414,Q181485,en,blast furnace
1415,Q52371,en,regiment
1416,Q502188,en,Alajuela Province
1417,Q19539,en,1118
1418,Q207642,en,Catha edulis
1419,Q1071147,en,Japanese-Language Proficiency Test
1420,Q11627066,en,West Nile fever
1421,Q464476,en,Black Flag
1422,Q156944,en,Acer pseudoplatanus
1423,Q145972,en,Zamość
1424,Q14928,en,oil tanker
1425,Q156146,en,Saxifraga
1426,Q8086,en,8th century
1427,Q19736,en,1190
1428,Q23460,en,900
1429,Q1780133,en,commando
1430,Q1642983,en,Echinacea
1431,Q296500,en,Terrence Howard
1432,Q712602,en,Taiwan after World War II
1433,Q4224,en,demographics of Russia
1434,Q161437,en,ophthalmology
1435,Q25237,en,pea
1436,Q283339,en,Paris Opera
1437,Q9715,en,semen
1438,Q133278,en,Gastrodia
1439,Q160095,en,Verbascum thapsus
1440,Q9382,en,urinary bladder
1441,Q207373,en,Club Social y Deportivo Colo Colo
1442,Q1134677,en,Magadheera
1443,Q219912,en,Fausto Coppi
1444,Q559915,en,History of Saudi Arabia
1445,Q132549,en,Erlikosaurus
1446,Q13369466,en,list of Attack on Titan characters
1447,Q471914,en,Pandanus
1448,Q208184,en,Gaia hypothesis
1449,Q6148,en,1504
1450,Q5379,en,1217
1451,Q11771944,en,civil service
1452,Q104493,en,risk
1453,Q1303167,en,barn
1454,Q42675,en,Manx
1455,Q11083,en,large intestine
1456,Q313122,en,Venustiano Carranza
1457,Q916997,en,Karoo
1458,Q63100,en,urban design
1459,Q1541064,en,smell
1460,Q8090,en,6th century
1461,Q104720,en,Zielona Góra
1462,Q941276,en,Warwick Castle
1463,Q2922469,en,commodities market
1464,Q19629,en,1147
1465,Q783010,en,Australian cuisine
1466,Q847705,en,sedative
1467,Q320020,en,aircraft ground handling
1468,Q504256,en,groundsel
1469,Q185280,en,Baia Mare
1470,Q202290,en,Nebbiolo
1471,Q312902,en,Stephen Lang
1472,Q19612,en,Preston North End F.C.
1473,Q131762,en,Garudimimus
1474,Q220596,en,habeas corpus
1475,Q4511,en,Kotayk Province
1476,Q178871,en,Apollo 14
1477,Q155059,en,leninism
1478,Q184781,en,traditional animation
1479,Q735628,en,Salento
1480,Q132501,en,glycerol
1481,Q320584,en,Salvia divinorum
1482,Q208108,en,Catch Me If You Can
1483,Q124378,en,earthworm
1484,Q524526,en,shakuhachi
1485,Q18519,en,Lincoln City F.C.
1486,Q268253,en,neo soul
1487,Q161536,en,Peter Stuyvesant
1488,Q35395,en,phonetics
1489,Q5229,en,1205
1490,Q3966,en,computer hardware
1491,Q380875,en,Thomas Telford
1492,Q5974462,en,ISO basic Latin alphabet
1493,Q275459,en,radiation syndrome
1494,Q164204,en,musicology
1495,Q472055,en,strategy video game
1496,Q6137,en,1502
1497,Q116341,en,Korçë
1498,Q48943,en,Gillingham F.C.
1499,Q209815,en,oral tradition
1500,Q50104,en,Debbie Wasserman Schultz
1501,Q833586,en,Dusky shark
1502,Q4473,en,Jennette McCurdy
1503,Q1789882,en,list of universities in Malaysia
1504,Q193097,en,ASCII art
1505,Q19485,en,1096
1506,Q861670,en,British Board of Film Classification
1507,Q211638,en,Värmland
1508,Q58397,en,amitriptyline
1509,Q64684,en,Timo Bernhard
1510,Q292943,en,Shriya Saran
1511,Q46373,en,Edgar Degas
1512,Q154662,en,Nana Mouskouri
1513,Q181332,en,zeolite
1514,Q3290281,en,Snake Eyes
1515,Q130365,en,riboflavin
1516,Q32778,en,bronchiectasis
1517,Q230502,en,Zygoptera
1518,Q83188,en,relativism
1519,Q68144,en,Zug
1520,Q178061,en,shock
1521,Q319283,en,Charlie Haden
1522,Q5962358,en,Chrysomallon squamiferum
1523,Q48941,en,Fleetwood Town F.C.
1524,Q1250916,en,warrior
1525,Q548248,en,St Asaph
1526,Q108325,en,chapel
1527,Q26268,en,Luleå
1528,Q326224,en,(S)-(−)-colchicine
1529,Q304419,en,Castle Bravo
1530,Q736731,en,The Three Caballeros
1531,Q439315,en,Jemaine Clement
1532,Q151646,en,Béla Kun
1533,Q19681,en,1170
1534,Q220966,en,Sihanoukville Province
1535,Q420062,en,capital accumulation
1536,Q9606,en,spinal cord
1537,Q193234,en,scooter
1538,Q643284,en,Chicago River
1539,Q185816,en,analogy
1540,Q127944,en,Arthur Compton
1541,Q19662,en,1160
1542,Q9385,en,ureter
1543,Q42138,en,citizenship
1544,Q416601,en,androgen receptor
1545,Q162672,en,Carrie
1546,Q19594,en,1135
1547,Q131568,en,Pachyrhinosaurus
1548,Q720403,en,Kashmar
1549,Q170366,en,Ahvaz
1550,Q126321,en,Eisenstadt
1551,Q122290,en,Jean-Paul Marat
1552,Q15991269,en,amateur sports
1553,Q487278,en,Meiningen
1554,Q2526635,en,love at first sight
1555,Q157658,en,Oenothera
1556,Q6445454,en,Ergot
1557,Q81825,en,caterpillar
1558,Q3276239,en,hell in Christianity
1559,Q1330180,en,Gnat
1560,Q637820,en,Amour
1561,Q1132045,en,USS Blue Ridge
1562,Q707538,en,Stephen Dillane
1563,Q1519099,en,polio vaccine
1564,Q426921,en,artemisinin
1565,Q643883,en,Sialkot
1566,Q202371,en,The Rescuers Down Under
1567,Q510345,en,peace symbol
1568,Q220918,en,Emilio Estévez
1569,Q216191,en,sow bug
1570,Q188879,en,Atlantic salmon
1571,Q648932,en,Talyllyn Railway
1572,Q42767,en,whaling
1573,Q5427,en,1236
1574,Q42165,en,buttocks
1575,Q161114,en,Arundo donax
1576,Q839492,en,Palm wine
1577,Q19731,en,1187
1578,Q34010,en,Haskell
1579,Q1482,en,Cavite City
1580,Q431604,en,cross-dressing
1581,Q203472,en,Fregata
1582,Q224962,en,Kajal Aggarwal
1583,Q107190,en,Peter Pan
1584,Q8095,en,5th century
1585,Q156091,en,Atropa belladonna
1586,Q19602,en,1137
1587,Q73984,en,disinfectant
1588,Q6182,en,1510
1589,Q194246,en,tennis at the 2008 Summer Olympics
1590,Q1186378,en,democratic peace theory
1591,Q802,en,Nowy Sącz
1592,Q109036,en,Haugesund
1593,Q231458,en,palm oil
1594,Q236083,en,Suwałki
1595,Q6498684,en,ownership
1596,Q81375,en,Cicer arietinum
1597,Q2705607,en,Banksia menziesii
1598,Q5320,en,switch
1599,Q712378,en,organ
1600,Q172991,en,Council of Trent
1601,Q132782,en,Phytoplasma
1602,Q19633,en,1148
1603,Q187760,en,new wave
1604,Q854787,en,Spitz
1605,Q677423,en,drifting
1606,Q541027,en,Tyne and Wear Metro
1607,Q147847,en,9K38 Igla
1608,Q25586,en,600
1609,Q155311,en,Voyager program
1610,Q313574,en,Butch Cassidy
1611,Q156954,en,Colorado potato beetle
1612,Q1212935,en,placenta
1613,Q23799,en,1125
1614,Q460967,en,American Robin
1615,Q187846,en,Russian alphabet
1616,Q212873,en,Jane Birkin
1617,Q167852,en,Jabir ibn Hayyan
1618,Q1432146,en,Nashville International Airport
1619,Q175449,en,trachea
1620,Q498019,en,Richard Simmons
1621,Q814004,en,Beechcraft Staggerwing
1622,Q334149,en,Fasciola hepatica
1623,Q507234,en,fatigue
1624,Q776139,en,Semele
1625,Q1652493,en,Sushma Swaraj
1626,Q706097,en,Ryōmaden
1627,Q1591686,en,BAe 125
1628,Q19640,en,1150
1629,Q1124183,en,lumberjack
1630,Q332674,en,Cygnus X-1
1631,Q194101,en,dwarfism
1632,Q7623897,en,all-female band
1633,Q854451,en,Celtic music
1634,Q186237,en,Joensuu
1635,Q2022317,en,Hounslow
1636,Q19735,en,1189
1637,Q104731,en,Gorzów Wielkopolski
1638,Q6243,en,variable star
1639,Q342765,en,Arthur Griffith
1640,Q666412,en,cervix
1641,Q218652,en,Wu Xing
1642,Q187860,en,option
1643,Q234184,en,Chełm
1644,Q163214,en,diffusion
1645,Q180109,en,Apollonius of Perga
1646,Q144786,en,Zakopane
1647,Q5227,en,1203
1648,Q223745,en,Guy Pearce
1649,Q7595,en,1668
1650,Q623434,en,waterbuck
1651,Q156251,en,Capparis spinosa
1652,Q358032,en,Aidan Gillen
1653,Q35760,en,essay
1654,Q59256,en,Ophiuroidea
1655,Q474697,en,Tczew
1656,Q5096,en,West Papua
1657,Q627992,en,Rickettsia
1658,Q1063273,en,DVD-Video
1659,Q159111,en,Commelina communis
1660,Q200442,en,Canis lupus rufus
1661,Q675848,en,University of Zagreb
1662,Q223697,en,FIM-92 Stinger
1663,Q111463,en,Paranthropus
1664,Q29001073,en,Orthohantavirus
1665,Q528572,en,Rodrigues Solitaire
1666,Q518069,en,Paxillus involutus
1667,Q183015,en,Samangan
1668,Q235344,en,Battle of the Alamo
1669,Q77113,en,Theobald von Bethmann Hollweg
1670,Q992,en,Amersfoort
1671,Q653807,en,catalytic converter
1672,Q116219,en,Alex Borstein
1673,Q17210,en,container ship
1674,Q158214,en,Bipasha Basu
1675,Q33123,en,proteolysis
1676,Q160872,en,flag of Chile
1677,Q5226,en,1202
1678,Q18366,en,experimental physics
1679,Q313721,en,Cornelius Vanderbilt
1680,Q708731,en,German Film Award
1681,Q2717614,en,Cordyline fruticosa
1682,Q229256,en,dermatitis
1683,Q28165,en,cinnamon
1684,Q252029,en,Silky shark
1685,Q188245,en,polyester
1686,Q232113,en,Anna Karina
1687,Q218842,en,zolpidem
1688,Q722678,en,Augustan History
1689,Q208958,en,Good Friday Agreement
1690,Q159545,en,Cornus
1691,Q175173,en,massively multiplayer online role-playing game
1692,Q177784,en,hydraulics
1693,Q157230,en,Pinus strobus
1694,Q932258,en,Eleusine coracana
1695,Q193447,en,Adenoviridae
1696,Q5433,en,1238
1697,Q496,en,feces
1698,Q242819,en,Lucullus
1699,Q125482,en,imam
1700,Q212545,en,Natasha Richardson
1701,Q6693,en,1494
1702,Q11387,en,open cluster
1703,Q235452,en,Yipsi Moreno
1704,Q324563,en,SWAT team
1705,Q969006,en,Cactus Wren
1706,Q234074,en,Pattie Boyd
1707,Q84232,en,Veronica Lake
1708,Q206338,en,Isopoda
1709,Q19590,en,1134
1710,Q131781,en,Montanoceratops
1711,Q2609672,en,Army Reserve
1712,Q489798,en,Andalusian horse
1713,Q522481,en,Serbia women's national volleyball team
1714,Q8418,en,handball
1715,Q190927,en,Beringia
1716,Q853718,en,Fun and Fancy Free
1717,Q179830,en,Jelgava
1718,Q1779558,en,Irene Adler
1719,Q271707,en,rheology
1720,Q842387,en,vigesimal
1721,Q24855,en,914
1722,Q6551,en,1548
1723,Q25989,en,Central European Time
1724,Q5430,en,1237
1725,Q2140674,en,ballistic trauma
1726,Q6687,en,1493
1727,Q315747,en,Georges Ernest Boulanger
1728,Q1478899,en,leopard shark
1729,Q2532287,en,Ronald
1730,Q134867,en,Danny Boyle
1731,Q1277255,en,Lagenaria siceraria
1732,Q863963,en,The Adventures of Ichabod and Mr. Toad
1733,Q2258881,en,trout
1734,Q595622,en,MDAX
1735,Q897825,en,firefighting
1736,Q45974,en,White-bellied Sea Eagle
1737,Q188614,en,Pastinaca sativa
1738,Q271737,en,Nakhon Ratchasima
1739,Q19439,en,1075
1740,Q313306,en,Lou Ferrigno
1741,Q5251,en,1211
1742,Q146439,en,silicone
1743,Q109535,en,Zutphen
1744,Q541664,en,Pelagic Cormorant
1745,Q142714,en,card game
1746,Q117068,en,yerba mate
1747,Q188285,en,motet
1748,Q72105,en,Bog turtle
1749,Q93128,en,William Harvey
1750,Q1475619,en,Type 26 frigate
1751,Q294572,en,Gustave Le Bon
1752,Q14208553,en,invention
1753,Q183414,en,punched card
1754,Q193589,en,Platonism
1755,Q157489,en,Symphony No. 3
1756,Q5435,en,1240
1757,Q208542,en,Theotokos
1758,Q473932,en,roll-on/roll-off ship
1759,Q321342,en,Auricularia auricula-judae
1760,Q329046,en,Arbutus unedo
1761,Q10980,en,triathlon
1762,Q123947,en,Highgate
1763,Q87167,en,manuscript
1764,Q209751,en,Eurovision Song Contest 1976
1765,Q14413,en,Σ
1766,Q5412,en,1230
1767,Q28516,en,Tarnobrzeg
1768,Q682520,en,Transport for London
1769,Q25563078,en,Karimnagar
1770,Q189088,en,von Neumann architecture
1771,Q443343,en,Jeffrey DeMunn
1772,Q39847,en,1870s
1773,Q1233109,en,Falstaff
1774,Q4069073,en,Dormition of the Mother of God
1775,Q483693,en,parkour
1776,Q193809,en,Aigues-Mortes
1777,Q508568,en,Andrew Wakefield
1778,Q493481,en,Flekkefjord
1779,Q1643932,en,tabletop role-playing game
1780,Q213574,en,Rutger Hauer
1781,Q242627,en,pyrrole
1782,Q2857311,en,Salmo trutta
1783,Q2155557,en,Jet Provost
1784,Q188215,en,gnome
1785,Q165296,en,Wendi McLendon-Covey
1786,Q1122261,en,Supreme Court of the United Kingdom
1787,Q161081,en,deflation
1788,Q215633,en,Łomża
1789,Q311169,en,Graham Greene
1790,Q1027123,en,Daiya Seto
1791,Q158597,en,Anopheles
1792,Q158986,en,Annona cherimola
1793,Q193378,en,biomechanics
1794,Q19750,en,1198
1795,Q173527,en,Knossos
1796,Q192386,en,military science
1797,Q133981,en,first aid
1798,Q189573,en,Golden Rule
1799,Q182343,en,Niagara River
1800,Q179256,en,Narcissus
1801,Q503804,en,Sandhill Crane
1802,Q315633,en,Carlos Salinas de Gortari
1803,Q41894,en,Battle of New Orleans
1804,Q134003,en,hemophilia
1805,Q156935,en,Hypericum
1806,Q2161,en,Tacitus
1807,Q782430,en,2007 Australian Open – Women's Singles
1808,Q193713,en,smoking
1809,Q117867,en,Missy Franklin
1810,Q616109,en,Treaty of Guadalupe Hidalgo
1811,Q496224,en,list of political parties in South Korea
1812,Q28161,en,labour economics
1813,Q185088,en,People's Party
1814,Q221056,en,Bryde's Whale
1815,Q64386,en,gallbladder
1816,Q51880,en,Charles de Foucauld
1817,Q2875716,en,Boeing Field
1818,Q461524,en,fan fiction
1819,Q269646,en,Aly & AJ
1820,Q168154,en,Once Upon a Time in the West
1821,Q242797,en,voiced bilabial plosive
1822,Q131580,en,Anchiceratops
1823,Q206033,en,Google Books
1824,Q5366,en,1215
1825,Q900804,en,Gyromitra esculenta
1826,Q219355,en,Roswell UFO incident
1827,Q868337,en,War of Currents
1828,Q186867,en,Austrian People's Party
1829,Q167677,en,Yavne
1830,Q7434319,en,Scolosaurus
1831,Q223880,en,Emma
1832,Q1058375,en,double agent
1833,Q19743,en,1194
1834,Q104838338,en,Lactifluus volemus
1835,Q5405,en,1226
1836,Q367327,en,Red-billed Quelea
1837,Q5332,en,Saratov
1838,Q216762,en,hatchback
1839,Q5804278,en,Sam Roland Heughan
1840,Q6695,en,1495
1841,Q131423,en,sampi
1842,Q689846,en,assisted suicide
1843,Q27429789,en,macular degeneration
1844,Q328798,en,environmental law
1845,Q11235354,en,NHK Cup
1846,Q301055,en,Antarctic minke whale
1847,Q955764,en,University of Illinois at Chicago
1848,Q301044,en,Central American river turtle
1849,Q569874,en,surround sound
1850,Q6161,en,1507
1851,Q6708,en,1499
1852,Q600751,en,prosecutor
1853,Q170525,en,Agadir
1854,Q131138,en,joke
1855,Q132945,en,Bushehr Province
1856,Q1031706,en,Discovery Expedition
1857,Q104363,en,anvil
1858,Q744593,en,military–industrial complex
1859,Q130514,en,Luxor
1860,Q12404,en,Uri
1861,Q466714,en,neutron moderator
1862,Q21962227,en,Mangrove Warbler
1863,Q862490,en,massively multiplayer online game
1864,Q654426,en,psychological trauma
1865,Q533822,en,WordNet
1866,Q178074,en,veto power
1867,Q156137,en,Quercus suber
1868,Q585521,en,Biltmore Estate
1869,Q19646,en,1153
1870,Q276396,en,Ferrari 458
1871,Q187126,en,glycoprotein
1872,Q374678,en,Paolo Sorrentino
1873,Q1046049,en,Captain Nemo
1874,Q232511,en,Kathryn Joosten
1875,Q109992,en,Łowicz
1876,Q2544599,en,Cichorium intybus
1877,Q311980,en,Chris Diamantopoulos
1878,Q770709,en,blunt trauma
1879,Q846227,en,antiviral drug
1880,Q27075906,en,Kirtland's Warbler
1881,Q826930,en,heart
1882,Q133244,en,jaundice
1883,Q7342,en,Oświęcim
1884,Q147934,en,Jelenia Góra
1885,Q3085934,en,Iloilo International Airport
1886,Q5411,en,1229
1887,Q104625,en,Far East Movement
1888,Q215657,en,PIERER Mobility AG
1889,Q311615,en,Thomas Haden Church
1890,Q57364,en,Thomas de Maizière
1891,Q64004122,en,The Invisible Man
1892,Q33226,en,speech-language pathology
1893,Q244404,en,electrical injury
1894,Q66013,en,Głogów
1895,Q52892,en,Leszno
1896,Q207344,en,Kevlar
1897,Q42056,en,Gangneung
1898,Q471187,en,Kagyu
1899,Q8805,en,bit
1900,Q2025898,en,Bigeye trevally
1901,Q6699,en,1496
1902,Q378132,en,Big Five personality traits
1903,Q30114,en,1126
1904,Q1177750,en,City of David
1905,Q43450,en,gymnastics
1906,Q11000047,en,health system
1907,Q849084,en,opto-isolator
1908,Q166562,en,Ornella Muti
1909,Q58778,en,system
1910,Q16849,en,Matti Nykänen
1911,Q5255,en,1212
1912,Q644960,en,Battle of the Boyne
1913,Q5402,en,1224
1914,Q550395,en,Joey Lawrence
1915,Q101530,en,Wieluń
1916,Q14872779,en,"chromosome, telomeric region"
1917,Q187205,en,Bistrița
1918,Q874342,en,interactive television
1919,Q1338307,en,Black–Scholes model
1920,Q131940,en,Talarurus
1921,Q844123,en,Portland cement
1922,Q1196075,en,Our Lady of Sorrows
1923,Q660064,en,ballot initiative
1924,Q10395,en,Cirebon
1925,Q9045,en,Chanakya
1926,Q461816,en,Hussain Muhammad Ershad
1927,Q30318,en,978
1928,Q33943,en,Euterpe oleracea
1929,Q2785021,en,global citizenship
1930,Q179908,en,Ahmed Ben Bella
1931,Q17501733,en,Bayraktar TB2
1932,Q158464,en,rutabaga
1933,Q229300,en,Quentin Bryce
1934,Q1137896,en,tower defense
1935,Q463585,en,Indira Varma
1936,Q44385,en,Walther von der Vogelweide
1937,Q237970,en,ouroboros
1938,Q263478,en,note
1939,Q101341,en,Lillehammer
1940,Q90590,en,Grimstad
1941,Q1443,en,Molise
1942,Q2888828,en,Pseudomonas stutzeri
1943,Q313804,en,Casper Van Dien
1944,Q525065,en,Michael Rooker
1945,Q216826,en,Muqtada al-Sadr
1946,Q131003,en,Toxoplasma gondii
1947,Q212893,en,Aran Islands
1948,Q381283,en,Commander 500 family
1949,Q213621,en,Niobe
1950,Q5373,en,1216
1951,Q181876,en,metastasis
1952,Q19463,en,1088
1953,Q146406,en,Nuphar lutea
1954,Q189047,en,Zellig S. Harris
1955,Q477133,en,Indian Roller
1956,Q465914,en,Steven Culp
1957,Q12053,en,1101
1958,Q27461,en,European Storm Petrel
1959,Q756913,en,Canada at the Olympics
1960,Q5358,en,1214
1961,Q19606,en,1138
1962,Q27366,en,Beech Marten
1963,Q1054325,en,St. Clair River
1964,Q134637,en,Gilmoreosaurus
1965,Q35221,en,reflecting telescope
1966,Q49329,en,Gajah Mada
1967,Q424160,en,Akutagawa Prize
1968,Q899079,en,lithium battery
1969,Q20129,en,omelette
1970,Q129059,en,Western Capercaillie
1971,Q775574,en,Golden-crowned sifaka
1972,Q1901,en,nobelium
1973,Q19614,en,1142
1974,Q1432030,en,Jilin University
1975,Q19542,en,1120
1976,Q1140224,en,military doctrine
1977,Q39330,en,Yorkshire Terrier
1978,Q509021,en,neutrino oscillation
1979,Q203994,en,euphoria
1980,Q180266,en,scarlet fever
1981,Q159715,en,Cestoda
1982,Q930937,en,Michael Cudlitz
1983,Q2671806,en,Coffea charrieriana
1984,Q212805,en,digital library
1985,Q416701,en,(RS)-mianserin
1986,Q19690,en,1174
1987,Q1862981,en,Jashore District
1988,Q642235,en,Willie Wagtail
1989,Q43511,en,fennel
1990,Q156810,en,Martha Argerich
1991,Q2080325,en,Siege of Fort William Henry
1992,Q311202,en,Pseudomonas syringae
1993,Q602288,en,It
1994,Q844051,en,The Who Sell Out
1995,Q6382533,en,battalion
1996,Q296647,en,Ralph Lauren
1997,Q6170,en,1508
1998,Q313138,en,Redman
1999,Q4758,en,Caecilian
2000,Q146820,en,Malbork
2001,Q1010954,ja,Somoto
2002,Q4927937,ja,Robert
2003,Q36297,ja,1950s
2004,Q7799533,ja,Thwaites Glacier 
2005,Q34644,ja,1980s
2006,Q38324,ja,1840s
2007,Q827229,ja,Bershad
2008,Q213448,ja,Danica Patrick
2009,Q126236,ja,conquistador
2010,Q20894959,ja,deaths in September 2015
2011,Q35702,ja,1930s
2012,Q172438,ja,Peterborough
2013,Q10510,ja,Jenson Button
2014,Q703205,ja,Gottfried Wilhelm Leibniz Prize
2015,Q1840959,ja,list of rotorcraft
2016,Q22905,ja,Bradford
2017,Q36561,ja,1940s
2018,Q772247,ja,Malaysian cuisine
2019,Q1200678,ja,mystery film
2020,Q7063,ja,11th century
2021,Q313381,ja,Tom Brady
2022,Q152262,ja,Pluto
2023,Q17054,ja,Martinique
2024,Q1067324,ja,exploitation film
2025,Q182037,ja,naiad
2026,Q2602563,ja,human nutrition
2027,Q164444,ja,funk
2028,Q133067,ja,mosaic
2029,Q223685,ja,steampunk
2030,Q23066,ja,Cumbria
2031,Q209096,ja,Burnley
2032,Q6824,ja,1704
2033,Q38971,ja,1890s
2034,Q1067053,ja,Global Association of International Sports Federations
2035,Q851213,ja,electronic dance music
2036,Q6866,ja,1711
2037,Q178197,ja,mercenary
2038,Q58848,ja,pacifism
2039,Q193871,ja,Marshall McLuhan
2040,Q2564359,ja,unsimulated sex
2041,Q3188,ja,Jackie Stewart
2042,Q164304,ja,Deal or No Deal
2043,Q163584,ja,Derry
2044,Q861764,ja,CBS News
2045,Q23115,ja,Northamptonshire
2046,Q190083,ja,Ural Owl
2047,Q732267,ja,Bloop
2048,Q2891256,ja,list of 24 characters
2049,Q401,ja,cuneiform
2050,Q191924,ja,D-methamphetamine
2051,Q25339,ja,5th century BC
2052,Q199796,ja,Popeye
2053,Q131359,ja,professional wrestling
2054,Q133585,ja,airship
2055,Q6814,ja,1701
2056,Q40953,ja,prayer
2057,Q76382,ja,Sinn Féin
2058,Q61465,ja,rhythmic gymnastics
2059,Q7642193,ja,Super Bowl 50
2060,Q38674,ja,1880s
2061,Q179957,ja,palaeography
2062,Q725744,ja,keyboard layout
2063,Q901227,ja,natural product
2064,Q3276347,ja,list of political parties in Malaysia
2065,Q33513,ja,Hebrew alphabet
2066,Q546906,ja,Clerodendrum
2067,Q25716,ja,1st millennium BC
2068,Q1194382,ja,Solenopsis invicta
2069,Q7061,ja,12th century
2070,Q14660,ja,flag
2071,Q19921,ja,nuclear winter
2072,Q272074,ja,Snake River
2073,Q54505,ja,quantum field theory
2074,Q212518,ja,Patrick Dempsey
2075,Q242185,ja,Bill Russell
2076,Q160642,ja,Salisbury
2077,Q103217,ja,Częstochowa
2078,Q217115,ja,Ramzan Kadyrov
2079,Q1750631,ja,list of search engines
2080,Q43290,ja,Talmud
2081,Q5611246,ja,group mind
2082,Q36585,ja,1910s
2083,Q194258,ja,Japan Academy Film Prize
2084,Q1022488,ja,Brighton and Hove
2085,Q380613,ja,Rory McIlroy
2086,Q3249257,ja,adult animation
2087,Q233748,ja,Akshay Kumar
2088,Q522661,ja,Isle of Man TT
2089,Q669010,ja,West Side Story
2090,Q45313,ja,Herat
2091,Q156414,ja,Centaurea
2092,Q381285,ja,Ralph Richardson
2093,Q157696,ja,sergeant
2094,Q167934,ja,serotonin
2095,Q19589,ja,Doncaster Rovers F.C.
2096,Q181754,ja,heart failure
2097,Q180727,ja,John Cage
2098,Q81900,ja,Teuthida
2099,Q459290,ja,independent film
2100,Q177826,ja,clergy
2101,Q628967,ja,labor law
2102,Q202256,ja,timeline of LGBT history
2103,Q214640,ja,Brzeg
2104,Q868291,ja,playoffs
2105,Q621080,ja,Library of Congress Classification
2106,Q488205,ja,singer-songwriter
2107,Q318017,ja,"Robert Dudley, 1st Earl of Leicester"
2108,Q1324207,ja,Canadian cuisine
2109,Q189564,ja,Pierre Teilhard de Chardin
2110,Q25321,ja,3rd century BC
2111,Q10379,ja,cardiology
2112,Q428871,ja,Haplogroup O-M175
2113,Q27179,ja,American mink
2114,Q192185,ja,Aaron Copland
2115,Q837718,ja,energy storage
2116,Q185387,ja,suffrage
2117,Q104712,ja,Elbląg
2118,Q422112,ja,methylphenidate
2119,Q2875704,ja,fixed-wing aircraft
2120,Q41923,ja,yodeling
2121,Q585537,ja,Hot Wheels
2122,Q948200,ja,Manned Orbiting Laboratory
2123,Q7437083,ja,Scott Pruitt
2124,Q189288,ja,Stratford-upon-Avon
2125,Q132738,ja,Alberto Contador
2126,Q187255,ja,rheumatoid arthritis
2127,Q19008,ja,Arthur Balfour
2128,Q160672,ja,Amhrán na bhFiann
2129,Q201808,ja,minke whale
2130,Q101797,ja,Winona Ryder
2131,Q887117,ja,Governor of Massachusetts
2132,Q560534,ja,Pol Espargaró
2133,Q173235,ja,analgesic
2134,Q213854,ja,Virat Kohli
2135,Q152357,ja,red hair
2136,Q212954,ja,Goth
2137,Q105487,ja,Maurice Jarre
2138,Q1865281,ja,whale
2139,Q194277,ja,action potential
2140,Q113013,ja,postmodern literature
2141,Q407232,ja,glyphosate
2142,Q106255,ja,Jean-Paul Belmondo
2143,Q215605,ja,Chinese dragon
2144,Q7823,ja,1798
2145,Q975207,ja,Marcus Ericsson
2146,Q211171,ja,polychlorinated biphenyl
2147,Q7208,ja,pathology
2148,Q244410,ja,Southern right whale
2149,Q48416,ja,Article One of the United States Constitution
2150,Q174077,ja,flash memory
2151,Q144682,ja,Gentiana
2152,Q185453,ja,Multan
2153,Q25296,ja,6th century BC
2154,Q116434,ja,phonograph
2155,Q147778,ja,liver cirrhosis
2156,Q38695,ja,cooking
2157,Q52985,ja,Hergé
2158,Q5406,ja,Hittites
2159,Q723937,ja,list of Wimbledon gentlemen's singles champions
2160,Q12433,ja,Schwyz
2161,Q2334111,ja,list of Shaman King characters
2162,Q147395,ja,Kajol
2163,Q315756,ja,Mike Leigh
2164,Q1156958,ja,Order of the Paulownia Flowers
2165,Q131652,ja,Panoplosaurus
2166,Q1089120,ja,Pakistani cuisine
2167,Q440,ja,Salvador Allende
2168,Q462830,ja,list of US Open women's singles champions
2169,Q29545,ja,Kevin Durant
2170,Q84412,ja,Wilhelm Reich
2171,Q205256,ja,Tsetse fly
2172,Q2973,ja,Darmstadt
2173,Q756784,ja,2005 Atlantic hurricane season
2174,Q179733,ja,Aryan
2175,Q897410,ja,brain–computer interface
2176,Q6790,ja,1597
2177,Q377910,ja,post-hardcore
2178,Q211519,ja,Emmeline Pankhurst
2179,Q889872,ja,Coachella Valley Music and Arts Festival
2180,Q208144,ja,antipsychotics
2181,Q210148,ja,Peter Fonda
2182,Q18336,ja,heraldry
2183,Q180556,ja,Helicobacter pylori
2184,Q308722,ja,James Gandolfini
2185,Q640353,ja,Golden Globe Cecil B. DeMille Award
2186,Q274586,ja,sports car
2187,Q209175,ja,Kim Cattrall
2188,Q928960,ja,Streamline Moderne
2189,Q131113,ja,Ulmus
2190,Q131143,ja,Pseudomonas
2191,Q47398,ja,economic history
2192,Q130283,ja,Macbeth
2193,Q170439,ja,chord
2194,Q188989,ja,aquaculture
2195,Q189400,ja,Brooke Shields
2196,Q219878,ja,Emma Bunton
2197,Q187484,ja,Steller’s sea cow
2198,Q742736,ja,bias
2199,Q725503,ja,long and short scales
2200,Q25335,ja,4th century BC
2201,Q1137707,ja,RoboCup
2202,Q26777,ja,Sierra Nevada
2203,Q337078,ja,The Big Lebowski
2204,Q136208,ja,ZIP code
2205,Q228405,ja,Madurai
2206,Q188956,ja,plant pathology
2207,Q186349,ja,Târgu Mureș
2208,Q130857,ja,disc jockey
2209,Q191907,ja,carotenoid
2210,Q23092,ja,Nottinghamshire
2211,Q57468,ja,Prince Louis of Battenberg
2212,Q206901,ja,amyotrophic lateral sclerosis
2213,Q312380,ja,Christopher Eccleston
2214,Q81091,ja,Bison bonasus
2215,Q1811300,ja,VISCII
2216,Q79871,ja,anger
2217,Q101191,ja,Myrmarachne
2218,Q1374,ja,Matterhorn
2219,Q14373,ja,fishing
2220,Q917642,ja,Hell Creek Formation
2221,Q22280388,ja,homologous recombination
2222,Q898788,ja,air supremacy
2223,Q185647,ja,Alexander Scriabin
2224,Q866080,ja,Biscayne National Park
2225,Q207361,ja,DARPA
2226,Q133163,ja,percussion instrument
2227,Q133066,ja,Eolambia
2228,Q214693,ja,social capital
2229,Q1639825,ja,blacksmith
2230,Q207960,ja,Winsor McCay
2231,Q19738,ja,1191
2232,Q55808,ja,seabird
2233,Q185631,ja,Nemertea
2234,Q725686,ja,David Morrissey
2235,Q34678,ja,stereo
2236,Q148134,ja,Bryozoa
2237,Q532598,ja,list of Wimbledon ladies' singles champions
2238,Q13692,ja,windscreen wiper
2239,Q152518,ja,Burning Man
2240,Q222023,ja,The Chronicles of Narnia: Prince Caspian
2241,Q189436,ja,speech recognition
2242,Q635598,ja,Lithuanian Armed Forces
2243,Q182944,ja,Shakespeare in Love
2244,Q309690,ja,Charles Dance
2245,Q484954,ja,pessimism
2246,Q180507,ja,radiation therapy
2247,Q19575,ja,Carlisle United F.C.
2248,Q623059,ja,Aquaman
2249,Q4539,ja,cooperative
2250,Q106281,ja,Tarnów
2251,Q39086874,ja,loot box
2252,Q374093,ja,John Ratzenberger
2253,Q169342,ja,retina
2254,Q642683,ja,cold wave
2255,Q159888,ja,Queen of Sheba
2256,Q376657,ja,strategic management
2257,Q103107,ja,Leto
2258,Q985684,ja,Jonestown
2259,Q243264,ja,heptathlon
2260,Q68833,ja,bone fracture
2261,Q23882,ja,ZX Spectrum
2262,Q32566,ja,computed tomography
2263,Q1231558,ja,smart city
2264,Q917069,ja,rhabdomyolysis
2265,Q19578,ja,Colchester United F.C.
2266,Q723846,ja,Ediacara biota
2267,Q207213,ja,Saturnalia
2268,Q40844,ja,Breda
2269,Q136842,ja,porbeagle
2270,Q102686,ja,hermeneutics
2271,Q188458,ja,Panspermia
2272,Q13562566,ja,North American Numbering Plan
2273,Q463632,ja,2002 Honda Accord
2274,Q10134,ja,Klingon
2275,Q81166,ja,mustard gas
2276,Q188657,ja,striped hyena
2277,Q291804,ja,de Havilland Canada DHC-2 Beaver
2278,Q207380,ja,Isambard Kingdom Brunel
2279,Q283350,ja,tumor protein p53
2280,Q1096878,ja,scuba diving
2281,Q32919,ja,Cambrian explosion
2282,Q140435,ja,Conidae
2283,Q156851,ja,Sedum
2284,Q180287,ja,Moirae
2285,Q133976,ja,Corynebacterium
2286,Q659717,ja,Vienna Convention on Diplomatic Relations
2287,Q26473,ja,Gregorian chant
2288,Q26381,ja,Cuculidae
2289,Q53438,ja,Augustus III of Poland
2290,Q267721,ja,Grease
2291,Q136726,ja,Singaporean cuisine
2292,Q19595,ja,Leyton Orient F.C.
2293,Q149069,ja,bottlenose dolphin
2294,Q25340,ja,7th century BC
2295,Q1894641,ja,New England aster
2296,Q232831,ja,Suzanne Lenglen
2297,Q209344,ja,Sapienza University of Rome
2298,Q1066052,ja,Order of the Sacred Treasure
2299,Q1768697,ja,Japanese sword
2300,Q216221,ja,Steve Carell
2301,Q208761,ja,history of Switzerland
2302,Q149851,ja,Sequoiadendron giganteum
2303,Q6231,ja,Cremona
2304,Q47783,ja,postmodernism
2305,Q312743,ja,Neil Sedaka
2306,Q178678,ja,kickboxing
2307,Q1953597,ja,slug
2308,Q1137711,ja,the finger
2309,Q131133,ja,determinism
2310,Q157327,ja,Silverchair
2311,Q130983,ja,cerebellum
2312,Q161272,ja,social psychology
2313,Q136851,ja,curling
2314,Q626058,ja,Battle of Karbala
2315,Q232477,ja,Jacqueline Bisset
2316,Q186817,ja,porridge
2317,Q192621,ja,The Daily Telegraph
2318,Q639292,ja,Dennis
2319,Q193040,ja,embedded system
2320,Q1776868,ja,spark-gap transmitter
2321,Q8089,ja,7th century
2322,Q179585,ja,Ploiești
2323,Q107392,ja,Tønsberg
2324,Q3900260,ja,list of Once Upon a Time characters
2325,Q139325,ja,Zach Galifianakis
2326,Q121791,ja,Asian giant hornet
2327,Q128709,ja,viscosity
2328,Q134636,ja,Siamosaurus
2329,Q19845,ja,Geri Halliwell
2330,Q23095,ja,South Yorkshire
2331,Q598,ja,Rzeszów
2332,Q543461,ja,charge
2333,Q117139,ja,Wiz Khalifa
2334,Q167037,ja,corporation
2335,Q187939,ja,manufacturing
2336,Q131186,ja,choir
2337,Q105726,ja,urination
2338,Q1344824,ja,freedom of movement
2339,Q208473,ja,Przemyśl
2340,Q223768,ja,McFly
2341,Q4640,ja,Vulcan
2342,Q179246,ja,kayak
2343,Q6679,ja,1492
2344,Q3167,ja,Siegen
2345,Q168338,ja,behaviorism
2346,Q12507,ja,sphere
2347,Q17378201,ja,corporal
2348,Q232639,ja,Margaret Beckett
2349,Q63116,ja,numeral
2350,Q108988,ja,Kongsberg
2351,Q152449,ja,Beit Shemesh
2352,Q543692,ja,list of earthquakes in Japan
2353,Q6131,ja,1501
2354,Q221001,ja,Jacques Anquetil
2355,Q231096,ja,Léa Seydoux
2356,Q158004,ja,Piotrków Trybunalski
2357,Q843926,ja,child soldier
2358,Q556200,ja,Piła
2359,Q68763,ja,Ceratonia siliqua
2360,Q10660,ja,1100
2361,Q128700,ja,cell wall
2362,Q522057,ja,Edgar Wright
2363,Q181014,ja,fugue
2364,Q107351,ja,Hammerfest
2365,Q886597,ja,The Texas Chain Saw Massacre
2366,Q186024,ja,lieutenant
2367,Q12499775,ja,nicotinamide adenine dinucleotide
2368,Q29945,ja,3rd millennium BC
2369,Q81,ja,carrot
2370,Q182773,ja,Jolly Roger
2371,Q341174,ja,V8
2372,Q114380,ja,financial crisis
2373,Q1928978,ja,viral infectious disease
2374,Q37437,ja,syntax
2375,Q1151000,ja,Tusi
2376,Q205783,ja,Toussaint Louverture
2377,Q7710,ja,1699
2378,Q212939,ja,Solidago
2379,Q678522,ja,universal basic income
2380,Q385618,ja,Melvins
2381,Q559392,ja,Medicare
2382,Q115439,ja,4th millennium BC
2383,Q82174,ja,Brașov
2384,Q173366,ja,bayonet
2385,Q45108,ja,Linum usitatissimum
2386,Q4282636,ja,shooter game
2387,Q846780,ja,Kalman filter
2388,Q158742,ja,Adansonia digitata
2389,Q1077790,ja,list of Soulcalibur characters
2390,Q422500,ja,nuclear receptor
2391,Q14763008,ja,mitotic cell cycle
2392,Q6141,ja,1503
2393,Q10962,ja,rugby league
2394,Q21685,ja,Procellariiformes
2395,Q10001,ja,Deventer
2396,Q19949,ja,list of Resident Evil characters
2397,Q1247220,ja,Ne me quitte pas
2398,Q31528,ja,beak
2399,Q2720143,ja,list of Hunter × Hunter characters
2400,Q795848,ja,BET Awards
2401,Q412356,ja,silicon carbide
2402,Q205702,ja,ion thruster
2403,Q935296,ja,Nemegtomaia
2404,Q3832870,ja,succession to the British throne
2405,Q270948,ja,action game
2406,Q1455839,ja,Jack and the Beanstalk
2407,Q39844,ja,1860s
2408,Q8317,ja,visual effects
2409,Q26675,ja,Northern Gannet
2410,Q256698,ja,residency
2411,Q134119,ja,Scipionyx
2412,Q26844,ja,Wild Turkey
2413,Q52842,ja,Kalisz
2414,Q181485,ja,blast furnace
2415,Q52371,ja,regiment
2416,Q502188,ja,Alajuela Province
2417,Q19539,ja,1118
2418,Q207642,ja,Catha edulis
2419,Q1071147,ja,Japanese-Language Proficiency Test
2420,Q11627066,ja,West Nile fever
2421,Q464476,ja,Black Flag
2422,Q156944,ja,Acer pseudoplatanus
2423,Q145972,ja,Zamość
2424,Q14928,ja,oil tanker
2425,Q156146,ja,Saxifraga
2426,Q8086,ja,8th century
2427,Q19736,ja,1190
2428,Q23460,ja,900
2429,Q1780133,ja,commando
2430,Q1642983,ja,Echinacea
2431,Q296500,ja,Terrence Howard
2432,Q712602,ja,Taiwan after World War II
2433,Q4224,ja,demographics of Russia
2434,Q161437,ja,ophthalmology
2435,Q25237,ja,pea
2436,Q283339,ja,Paris Opera
2437,Q9715,ja,semen
2438,Q133278,ja,Gastrodia
2439,Q160095,ja,Verbascum thapsus
2440,Q9382,ja,urinary bladder
2441,Q207373,ja,Club Social y Deportivo Colo Colo
2442,Q1134677,ja,Magadheera
2443,Q219912,ja,Fausto Coppi
2444,Q559915,ja,History of Saudi Arabia
2445,Q132549,ja,Erlikosaurus
2446,Q13369466,ja,list of Attack on Titan characters
2447,Q471914,ja,Pandanus
2448,Q208184,ja,Gaia hypothesis
2449,Q6148,ja,1504
2450,Q5379,ja,1217
2451,Q11771944,ja,civil service
2452,Q104493,ja,risk
2453,Q1303167,ja,barn
2454,Q42675,ja,Manx
2455,Q11083,ja,large intestine
2456,Q313122,ja,Venustiano Carranza
2457,Q916997,ja,Karoo
2458,Q63100,ja,urban design
2459,Q1541064,ja,smell
2460,Q8090,ja,6th century
2461,Q104720,ja,Zielona Góra
2462,Q941276,ja,Warwick Castle
2463,Q2922469,ja,commodities market
2464,Q19629,ja,1147
2465,Q783010,ja,Australian cuisine
2466,Q847705,ja,sedative
2467,Q320020,ja,aircraft ground handling
2468,Q504256,ja,groundsel
2469,Q185280,ja,Baia Mare
2470,Q202290,ja,Nebbiolo
2471,Q312902,ja,Stephen Lang
2472,Q19612,ja,Preston North End F.C.
2473,Q131762,ja,Garudimimus
2474,Q220596,ja,habeas corpus
2475,Q4511,ja,Kotayk Province
2476,Q178871,ja,Apollo 14
2477,Q155059,ja,leninism
2478,Q184781,ja,traditional animation
2479,Q735628,ja,Salento
2480,Q132501,ja,glycerol
2481,Q320584,ja,Salvia divinorum
2482,Q208108,ja,Catch Me If You Can
2483,Q124378,ja,earthworm
2484,Q524526,ja,shakuhachi
2485,Q18519,ja,Lincoln City F.C.
2486,Q268253,ja,neo soul
2487,Q161536,ja,Peter Stuyvesant
2488,Q35395,ja,phonetics
2489,Q5229,ja,1205
2490,Q3966,ja,computer hardware
2491,Q380875,ja,Thomas Telford
2492,Q5974462,ja,ISO basic Latin alphabet
2493,Q275459,ja,radiation syndrome
2494,Q164204,ja,musicology
2495,Q472055,ja,strategy video game
2496,Q6137,ja,1502
2497,Q116341,ja,Korçë
2498,Q48943,ja,Gillingham F.C.
2499,Q209815,ja,oral tradition
2500,Q50104,ja,Debbie Wasserman Schultz
2501,Q833586,ja,Dusky shark
2502,Q4473,ja,Jennette McCurdy
2503,Q1789882,ja,list of universities in Malaysia
2504,Q193097,ja,ASCII art
2505,Q19485,ja,1096
2506,Q861670,ja,British Board of Film Classification
2507,Q211638,ja,Värmland
2508,Q58397,ja,amitriptyline
2509,Q64684,ja,Timo Bernhard
2510,Q292943,ja,Shriya Saran
2511,Q46373,ja,Edgar Degas
2512,Q154662,ja,Nana Mouskouri
2513,Q181332,ja,zeolite
2514,Q3290281,ja,Snake Eyes
2515,Q130365,ja,riboflavin
2516,Q32778,ja,bronchiectasis
2517,Q230502,ja,Zygoptera
2518,Q83188,ja,relativism
2519,Q68144,ja,Zug
2520,Q178061,ja,shock
2521,Q319283,ja,Charlie Haden
2522,Q5962358,ja,Chrysomallon squamiferum
2523,Q48941,ja,Fleetwood Town F.C.
2524,Q1250916,ja,warrior
2525,Q548248,ja,St Asaph
2526,Q108325,ja,chapel
2527,Q26268,ja,Luleå
2528,Q326224,ja,(S)-(−)-colchicine
2529,Q304419,ja,Castle Bravo
2530,Q736731,ja,The Three Caballeros
2531,Q439315,ja,Jemaine Clement
2532,Q151646,ja,Béla Kun
2533,Q19681,ja,1170
2534,Q220966,ja,Sihanoukville Province
2535,Q420062,ja,capital accumulation
2536,Q9606,ja,spinal cord
2537,Q193234,ja,scooter
2538,Q643284,ja,Chicago River
2539,Q185816,ja,analogy
2540,Q127944,ja,Arthur Compton
2541,Q19662,ja,1160
2542,Q9385,ja,ureter
2543,Q42138,ja,citizenship
2544,Q416601,ja,androgen receptor
2545,Q162672,ja,Carrie
2546,Q19594,ja,1135
2547,Q131568,ja,Pachyrhinosaurus
2548,Q720403,ja,Kashmar
2549,Q170366,ja,Ahvaz
2550,Q126321,ja,Eisenstadt
2551,Q122290,ja,Jean-Paul Marat
2552,Q15991269,ja,amateur sports
2553,Q487278,ja,Meiningen
2554,Q2526635,ja,love at first sight
2555,Q157658,ja,Oenothera
2556,Q6445454,ja,Ergot
2557,Q81825,ja,caterpillar
2558,Q3276239,ja,hell in Christianity
2559,Q1330180,ja,Gnat
2560,Q637820,ja,Amour
2561,Q1132045,ja,USS Blue Ridge
2562,Q707538,ja,Stephen Dillane
2563,Q1519099,ja,polio vaccine
2564,Q426921,ja,artemisinin
2565,Q643883,ja,Sialkot
2566,Q202371,ja,The Rescuers Down Under
2567,Q510345,ja,peace symbol
2568,Q220918,ja,Emilio Estévez
2569,Q216191,ja,sow bug
2570,Q188879,ja,Atlantic salmon
2571,Q648932,ja,Talyllyn Railway
2572,Q42767,ja,whaling
2573,Q5427,ja,1236
2574,Q42165,ja,buttocks
2575,Q161114,ja,Arundo donax
2576,Q839492,ja,Palm wine
2577,Q19731,ja,1187
2578,Q34010,ja,Haskell
2579,Q1482,ja,Cavite City
2580,Q431604,ja,cross-dressing
2581,Q203472,ja,Fregata
2582,Q224962,ja,Kajal Aggarwal
2583,Q107190,ja,Peter Pan
2584,Q8095,ja,5th century
2585,Q156091,ja,Atropa belladonna
2586,Q19602,ja,1137
2587,Q73984,ja,disinfectant
2588,Q6182,ja,1510
2589,Q194246,ja,tennis at the 2008 Summer Olympics
2590,Q1186378,ja,democratic peace theory
2591,Q802,ja,Nowy Sącz
2592,Q109036,ja,Haugesund
2593,Q231458,ja,palm oil
2594,Q236083,ja,Suwałki
2595,Q6498684,ja,ownership
2596,Q81375,ja,Cicer arietinum
2597,Q2705607,ja,Banksia menziesii
2598,Q5320,ja,switch
2599,Q712378,ja,organ
2600,Q172991,ja,Council of Trent
2601,Q132782,ja,Phytoplasma
2602,Q19633,ja,1148
2603,Q187760,ja,new wave
2604,Q854787,ja,Spitz
2605,Q677423,ja,drifting
2606,Q541027,ja,Tyne and Wear Metro
2607,Q147847,ja,9K38 Igla
2608,Q25586,ja,600
2609,Q155311,ja,Voyager program
2610,Q313574,ja,Butch Cassidy
2611,Q156954,ja,Colorado potato beetle
2612,Q1212935,ja,placenta
2613,Q23799,ja,1125
2614,Q460967,ja,American Robin
2615,Q187846,ja,Russian alphabet
2616,Q212873,ja,Jane Birkin
2617,Q167852,ja,Jabir ibn Hayyan
2618,Q1432146,ja,Nashville International Airport
2619,Q175449,ja,trachea
2620,Q498019,ja,Richard Simmons
2621,Q814004,ja,Beechcraft Staggerwing
2622,Q334149,ja,Fasciola hepatica
2623,Q507234,ja,fatigue
2624,Q776139,ja,Semele
2625,Q1652493,ja,Sushma Swaraj
2626,Q706097,ja,Ryōmaden
2627,Q1591686,ja,BAe 125
2628,Q19640,ja,1150
2629,Q1124183,ja,lumberjack
2630,Q332674,ja,Cygnus X-1
2631,Q194101,ja,dwarfism
2632,Q7623897,ja,all-female band
2633,Q854451,ja,Celtic music
2634,Q186237,ja,Joensuu
2635,Q2022317,ja,Hounslow
2636,Q19735,ja,1189
2637,Q104731,ja,Gorzów Wielkopolski
2638,Q6243,ja,variable star
2639,Q342765,ja,Arthur Griffith
2640,Q666412,ja,cervix
2641,Q218652,ja,Wu Xing
2642,Q187860,ja,option
2643,Q234184,ja,Chełm
2644,Q163214,ja,diffusion
2645,Q180109,ja,Apollonius of Perga
2646,Q144786,ja,Zakopane
2647,Q5227,ja,1203
2648,Q223745,ja,Guy Pearce
2649,Q7595,ja,1668
2650,Q623434,ja,waterbuck
2651,Q156251,ja,Capparis spinosa
2652,Q358032,ja,Aidan Gillen
2653,Q35760,ja,essay
2654,Q59256,ja,Ophiuroidea
2655,Q474697,ja,Tczew
2656,Q5096,ja,West Papua
2657,Q627992,ja,Rickettsia
2658,Q1063273,ja,DVD-Video
2659,Q159111,ja,Commelina communis
2660,Q200442,ja,Canis lupus rufus
2661,Q675848,ja,University of Zagreb
2662,Q223697,ja,FIM-92 Stinger
2663,Q111463,ja,Paranthropus
2664,Q29001073,ja,Orthohantavirus
2665,Q528572,ja,Rodrigues Solitaire
2666,Q518069,ja,Paxillus involutus
2667,Q183015,ja,Samangan
2668,Q235344,ja,Battle of the Alamo
2669,Q77113,ja,Theobald von Bethmann Hollweg
2670,Q992,ja,Amersfoort
2671,Q653807,ja,catalytic converter
2672,Q116219,ja,Alex Borstein
2673,Q17210,ja,container ship
2674,Q158214,ja,Bipasha Basu
2675,Q33123,ja,proteolysis
2676,Q160872,ja,flag of Chile
2677,Q5226,ja,1202
2678,Q18366,ja,experimental physics
2679,Q313721,ja,Cornelius Vanderbilt
2680,Q708731,ja,German Film Award
2681,Q2717614,ja,Cordyline fruticosa
2682,Q229256,ja,dermatitis
2683,Q28165,ja,cinnamon
2684,Q252029,ja,Silky shark
2685,Q188245,ja,polyester
2686,Q232113,ja,Anna Karina
2687,Q218842,ja,zolpidem
2688,Q722678,ja,Augustan History
2689,Q208958,ja,Good Friday Agreement
2690,Q159545,ja,Cornus
2691,Q175173,ja,massively multiplayer online role-playing game
2692,Q177784,ja,hydraulics
2693,Q157230,ja,Pinus strobus
2694,Q932258,ja,Eleusine coracana
2695,Q193447,ja,Adenoviridae
2696,Q5433,ja,1238
2697,Q496,ja,feces
2698,Q242819,ja,Lucullus
2699,Q125482,ja,imam
2700,Q212545,ja,Natasha Richardson
2701,Q6693,ja,1494
2702,Q11387,ja,open cluster
2703,Q235452,ja,Yipsi Moreno
2704,Q324563,ja,SWAT team
2705,Q969006,ja,Cactus Wren
2706,Q234074,ja,Pattie Boyd
2707,Q84232,ja,Veronica Lake
2708,Q206338,ja,Isopoda
2709,Q19590,ja,1134
2710,Q131781,ja,Montanoceratops
2711,Q2609672,ja,Army Reserve
2712,Q489798,ja,Andalusian horse
2713,Q522481,ja,Serbia women's national volleyball team
2714,Q8418,ja,handball
2715,Q190927,ja,Beringia
2716,Q853718,ja,Fun and Fancy Free
2717,Q179830,ja,Jelgava
2718,Q1779558,ja,Irene Adler
2719,Q271707,ja,rheology
2720,Q842387,ja,vigesimal
2721,Q24855,ja,914
2722,Q6551,ja,1548
2723,Q25989,ja,Central European Time
2724,Q5430,ja,1237
2725,Q2140674,ja,ballistic trauma
2726,Q6687,ja,1493
2727,Q315747,ja,Georges Ernest Boulanger
2728,Q1478899,ja,leopard shark
2729,Q2532287,ja,Ronald
2730,Q134867,ja,Danny Boyle
2731,Q1277255,ja,Lagenaria siceraria
2732,Q863963,ja,The Adventures of Ichabod and Mr. Toad
2733,Q2258881,ja,trout
2734,Q595622,ja,MDAX
2735,Q897825,ja,firefighting
2736,Q45974,ja,White-bellied Sea Eagle
2737,Q188614,ja,Pastinaca sativa
2738,Q271737,ja,Nakhon Ratchasima
2739,Q19439,ja,1075
2740,Q313306,ja,Lou Ferrigno
2741,Q5251,ja,1211
2742,Q146439,ja,silicone
2743,Q109535,ja,Zutphen
2744,Q541664,ja,Pelagic Cormorant
2745,Q142714,ja,card game
2746,Q117068,ja,yerba mate
2747,Q188285,ja,motet
2748,Q72105,ja,Bog turtle
2749,Q93128,ja,William Harvey
2750,Q1475619,ja,Type 26 frigate
2751,Q294572,ja,Gustave Le Bon
2752,Q14208553,ja,invention
2753,Q183414,ja,punched card
2754,Q193589,ja,Platonism
2755,Q157489,ja,Symphony No. 3
2756,Q5435,ja,1240
2757,Q208542,ja,Theotokos
2758,Q473932,ja,roll-on/roll-off ship
2759,Q321342,ja,Auricularia auricula-judae
2760,Q329046,ja,Arbutus unedo
2761,Q10980,ja,triathlon
2762,Q123947,ja,Highgate
2763,Q87167,ja,manuscript
2764,Q209751,ja,Eurovision Song Contest 1976
2765,Q14413,ja,Σ
2766,Q5412,ja,1230
2767,Q28516,ja,Tarnobrzeg
2768,Q682520,ja,Transport for London
2769,Q25563078,ja,Karimnagar
2770,Q189088,ja,von Neumann architecture
2771,Q443343,ja,Jeffrey DeMunn
2772,Q39847,ja,1870s
2773,Q1233109,ja,Falstaff
2774,Q4069073,ja,Dormition of the Mother of God
2775,Q483693,ja,parkour
2776,Q193809,ja,Aigues-Mortes
2777,Q508568,ja,Andrew Wakefield
2778,Q493481,ja,Flekkefjord
2779,Q1643932,ja,tabletop role-playing game
2780,Q213574,ja,Rutger Hauer
2781,Q242627,ja,pyrrole
2782,Q2857311,ja,Salmo trutta
2783,Q2155557,ja,Jet Provost
2784,Q188215,ja,gnome
2785,Q165296,ja,Wendi McLendon-Covey
2786,Q1122261,ja,Supreme Court of the United Kingdom
2787,Q161081,ja,deflation
2788,Q215633,ja,Łomża
2789,Q311169,ja,Graham Greene
2790,Q1027123,ja,Daiya Seto
2791,Q158597,ja,Anopheles
2792,Q158986,ja,Annona cherimola
2793,Q193378,ja,biomechanics
2794,Q19750,ja,1198
2795,Q173527,ja,Knossos
2796,Q192386,ja,military science
2797,Q133981,ja,first aid
2798,Q189573,ja,Golden Rule
2799,Q182343,ja,Niagara River
2800,Q179256,ja,Narcissus
2801,Q503804,ja,Sandhill Crane
2802,Q315633,ja,Carlos Salinas de Gortari
2803,Q41894,ja,Battle of New Orleans
2804,Q134003,ja,hemophilia
2805,Q156935,ja,Hypericum
2806,Q2161,ja,Tacitus
2807,Q782430,ja,2007 Australian Open – Women's Singles
2808,Q193713,ja,smoking
2809,Q117867,ja,Missy Franklin
2810,Q616109,ja,Treaty of Guadalupe Hidalgo
2811,Q496224,ja,list of political parties in South Korea
2812,Q28161,ja,labour economics
2813,Q185088,ja,People's Party
2814,Q221056,ja,Bryde's Whale
2815,Q64386,ja,gallbladder
2816,Q51880,ja,Charles de Foucauld
2817,Q2875716,ja,Boeing Field
2818,Q461524,ja,fan fiction
2819,Q269646,ja,Aly & AJ
2820,Q168154,ja,Once Upon a Time in the West
2821,Q242797,ja,voiced bilabial plosive
2822,Q131580,ja,Anchiceratops
2823,Q206033,ja,Google Books
2824,Q5366,ja,1215
2825,Q900804,ja,Gyromitra esculenta
2826,Q219355,ja,Roswell UFO incident
2827,Q868337,ja,War of Currents
2828,Q186867,ja,Austrian People's Party
2829,Q167677,ja,Yavne
2830,Q7434319,ja,Scolosaurus
2831,Q223880,ja,Emma
2832,Q1058375,ja,double agent
2833,Q19743,ja,1194
2834,Q104838338,ja,Lactifluus volemus
2835,Q5405,ja,1226
2836,Q367327,ja,Red-billed Quelea
2837,Q5332,ja,Saratov
2838,Q216762,ja,hatchback
2839,Q5804278,ja,Sam Roland Heughan
2840,Q6695,ja,1495
2841,Q131423,ja,sampi
2842,Q689846,ja,assisted suicide
2843,Q27429789,ja,macular degeneration
2844,Q328798,ja,environmental law
2845,Q11235354,ja,NHK Cup
2846,Q301055,ja,Antarctic minke whale
2847,Q955764,ja,University of Illinois at Chicago
2848,Q301044,ja,Central American river turtle
2849,Q569874,ja,surround sound
2850,Q6161,ja,1507
2851,Q6708,ja,1499
2852,Q600751,ja,prosecutor
2853,Q170525,ja,Agadir
2854,Q131138,ja,joke
2855,Q132945,ja,Bushehr Province
2856,Q1031706,ja,Discovery Expedition
2857,Q104363,ja,anvil
2858,Q744593,ja,military–industrial complex
2859,Q130514,ja,Luxor
2860,Q12404,ja,Uri
2861,Q466714,ja,neutron moderator
2862,Q21962227,ja,Mangrove Warbler
2863,Q862490,ja,massively multiplayer online game
2864,Q654426,ja,psychological trauma
2865,Q533822,ja,WordNet
2866,Q178074,ja,veto power
2867,Q156137,ja,Quercus suber
2868,Q585521,ja,Biltmore Estate
2869,Q19646,ja,1153
2870,Q276396,ja,Ferrari 458
2871,Q187126,ja,glycoprotein
2872,Q374678,ja,Paolo Sorrentino
2873,Q1046049,ja,Captain Nemo
2874,Q232511,ja,Kathryn Joosten
2875,Q109992,ja,Łowicz
2876,Q2544599,ja,Cichorium intybus
2877,Q311980,ja,Chris Diamantopoulos
2878,Q770709,ja,blunt trauma
2879,Q846227,ja,antiviral drug
2880,Q27075906,ja,Kirtland's Warbler
2881,Q826930,ja,heart
2882,Q133244,ja,jaundice
2883,Q7342,ja,Oświęcim
2884,Q147934,ja,Jelenia Góra
2885,Q3085934,ja,Iloilo International Airport
2886,Q5411,ja,1229
2887,Q104625,ja,Far East Movement
2888,Q215657,ja,PIERER Mobility AG
2889,Q311615,ja,Thomas Haden Church
2890,Q57364,ja,Thomas de Maizière
2891,Q64004122,ja,The Invisible Man
2892,Q33226,ja,speech-language pathology
2893,Q244404,ja,electrical injury
2894,Q66013,ja,Głogów
2895,Q52892,ja,Leszno
2896,Q207344,ja,Kevlar
2897,Q42056,ja,Gangneung
2898,Q471187,ja,Kagyu
2899,Q8805,ja,bit
2900,Q2025898,ja,Bigeye trevally
2901,Q6699,ja,1496
2902,Q378132,ja,Big Five personality traits
2903,Q30114,ja,1126
2904,Q1177750,ja,City of David
2905,Q43450,ja,gymnastics
2906,Q11000047,ja,health system
2907,Q849084,ja,opto-isolator
2908,Q166562,ja,Ornella Muti
2909,Q58778,ja,system
2910,Q16849,ja,Matti Nykänen
2911,Q5255,ja,1212
2912,Q644960,ja,Battle of the Boyne
2913,Q5402,ja,1224
2914,Q550395,ja,Joey Lawrence
2915,Q101530,ja,Wieluń
2916,Q14872779,ja,"chromosome, telomeric region"
2917,Q187205,ja,Bistrița
2918,Q874342,ja,interactive television
2919,Q1338307,ja,Black–Scholes model
2920,Q131940,ja,Talarurus
2921,Q844123,ja,Portland cement
2922,Q1196075,ja,Our Lady of Sorrows
2923,Q660064,ja,ballot initiative
2924,Q10395,ja,Cirebon
2925,Q9045,ja,Chanakya
2926,Q461816,ja,Hussain Muhammad Ershad
2927,Q30318,ja,978
2928,Q33943,ja,Euterpe oleracea
2929,Q2785021,ja,global citizenship
2930,Q179908,ja,Ahmed Ben Bella
2931,Q17501733,ja,Bayraktar TB2
2932,Q158464,ja,rutabaga
2933,Q229300,ja,Quentin Bryce
2934,Q1137896,ja,tower defense
2935,Q463585,ja,Indira Varma
2936,Q44385,ja,Walther von der Vogelweide
2937,Q237970,ja,ouroboros
2938,Q263478,ja,note
2939,Q101341,ja,Lillehammer
2940,Q90590,ja,Grimstad
2941,Q1443,ja,Molise
2942,Q2888828,ja,Pseudomonas stutzeri
2943,Q313804,ja,Casper Van Dien
2944,Q525065,ja,Michael Rooker
2945,Q216826,ja,Muqtada al-Sadr
2946,Q131003,ja,Toxoplasma gondii
2947,Q212893,ja,Aran Islands
2948,Q381283,ja,Commander 500 family
2949,Q213621,ja,Niobe
2950,Q5373,ja,1216
2951,Q181876,ja,metastasis
2952,Q19463,ja,1088
2953,Q146406,ja,Nuphar lutea
2954,Q189047,ja,Zellig S. Harris
2955,Q477133,ja,Indian Roller
2956,Q465914,ja,Steven Culp
2957,Q12053,ja,1101
2958,Q27461,ja,European Storm Petrel
2959,Q756913,ja,Canada at the Olympics
2960,Q5358,ja,1214
2961,Q19606,ja,1138
2962,Q27366,ja,Beech Marten
2963,Q1054325,ja,St. Clair River
2964,Q134637,ja,Gilmoreosaurus
2965,Q35221,ja,reflecting telescope
2966,Q49329,ja,Gajah Mada
2967,Q424160,ja,Akutagawa Prize
2968,Q899079,ja,lithium battery
2969,Q20129,ja,omelette
2970,Q129059,ja,Western Capercaillie
2971,Q775574,ja,Golden-crowned sifaka
2972,Q1901,ja,nobelium
2973,Q19614,ja,1142
2974,Q1432030,ja,Jilin University
2975,Q19542,ja,1120
2976,Q1140224,ja,military doctrine
2977,Q39330,ja,Yorkshire Terrier
2978,Q509021,ja,neutrino oscillation
2979,Q203994,ja,euphoria
2980,Q180266,ja,scarlet fever
2981,Q159715,ja,Cestoda
2982,Q930937,ja,Michael Cudlitz
2983,Q2671806,ja,Coffea charrieriana
2984,Q212805,ja,digital library
2985,Q416701,ja,(RS)-mianserin
2986,Q19690,ja,1174
2987,Q1862981,ja,Jashore District
2988,Q642235,ja,Willie Wagtail
2989,Q43511,ja,fennel
2990,Q156810,ja,Martha Argerich
2991,Q2080325,ja,Siege of Fort William Henry
2992,Q311202,ja,Pseudomonas syringae
2993,Q602288,ja,It
2994,Q844051,ja,The Who Sell Out
2995,Q6382533,ja,battalion
2996,Q296647,ja,Ralph Lauren
2997,Q6170,ja,1508
2998,Q313138,ja,Redman
2999,Q4758,ja,Caecilian
3000,Q146820,ja,Malbork